city,Date,T2M,T2MDEW,T2MWET,TS,T2M_RANGE,T2M_MAX,T2M_MIN,QV2M,RH2M,PRECTOTCORR,PS,WS10M,WS10M_MAX,WS10M_MIN
Sharkia,2025-04-01,23.51,2.69,13.1,24.16,14.68,30.45,15.77,4.71,26.7,0.0,100.03,4.18,5.62,2.63
Sharkia,2025-04-02,20.93,3.13,12.03,22.29,17.27,30.09,12.82,4.85,35.7,0.0,100.74,3.79,5.06,2.61
Sharkia,2025-04-03,20.95,7.47,14.21,22.86,15.55,29.71,14.16,6.64,50.57,0.0,100.92,2.96,6.85,0.97
Sharkia,2025-04-04,19.09,8.72,13.91,20.99,14.92,27.11,12.19,7.06,57.07,0.0,100.81,3.08,6.05,1.13
Sharkia,2025-04-05,20.7,6.24,13.47,22.3,19.1,30.06,10.96,6.04,47.71,0.0,100.58,2.32,3.26,0.98
Sharkia,2025-04-06,23.3,4.85,14.07,24.11,17.72,33.25,15.53,5.57,34.95,0.0,100.26,5.29,8.03,2.27
Sharkia,2025-04-07,22.36,8.43,15.39,24.25,17.46,31.64,14.18,7.26,51.75,0.02,100.72,2.41,6.36,0.5
Sharkia,2025-04-08,26.39,2.64,14.51,26.82,21.81,38.27,16.46,4.92,29.8,0.0,100.35,5.1,11.82,1.2
Sharkia,2025-04-09,21.49,11.05,16.27,23.38,14.68,29.95,15.27,8.35,57.96,0.39,100.76,5.01,7.77,2.96
Sharkia,2025-04-10,17.12,6.23,11.67,19.07,13.41,24.49,11.08,5.97,53.15,0.36,101.17,5.14,7.93,2.53
Sharkia,2025-04-11,15.88,4.92,10.4,17.52,15.44,24.17,8.73,5.37,52.48,0.07,100.93,4.3,8.69,1.92
Sharkia,2025-04-12,17.75,6.36,12.05,19.89,16.06,25.86,9.8,6.0,53.81,0.01,100.83,3.24,5.62,2.19
Sharkia,2025-04-13,16.73,6.99,11.86,18.18,12.3,23.32,11.02,6.22,56.29,1.0,100.9,3.71,6.8,0.44
Sharkia,2025-04-14,18.45,5.68,12.06,20.39,13.39,25.69,12.3,5.75,48.31,0.01,101.32,4.28,5.22,2.34
Sharkia,2025-04-15,18.87,5.61,12.24,21.08,17.73,28.48,10.75,5.72,49.4,0.0,101.34,2.97,6.48,0.8
Sharkia,2025-04-16,18.22,6.18,12.2,19.82,17.92,27.65,9.73,5.99,54.73,0.0,101.35,4.73,7.02,2.34
Sharkia,2025-04-17,20.89,7.43,14.16,22.29,19.91,31.67,11.76,6.74,54.95,0.0,101.08,4.86,7.17,2.47
Sharkia,2025-04-18,21.71,9.33,15.52,23.04,18.98,32.26,13.28,7.6,55.48,0.0,100.81,4.8,6.84,2.48
Sharkia,2025-04-19,22.72,6.12,14.42,24.43,21.98,34.32,12.34,6.38,48.14,0.0,100.72,3.49,5.6,2.08
Sharkia,2025-04-20,23.36,8.28,15.82,25.52,21.4,34.82,13.42,7.15,50.79,0.0,100.63,3.33,6.07,1.99
Sharkia,2025-04-21,26.02,7.22,16.62,28.01,21.51,36.97,15.46,6.64,40.91,0.0,100.42,1.99,3.82,0.6
Sharkia,2025-04-22,31.25,1.25,16.25,30.96,16.48,40.54,24.06,4.19,15.57,0.0,100.34,4.35,7.07,0.28
Sharkia,2025-04-23,27.33,8.08,17.7,28.1,15.16,35.6,20.44,6.86,31.39,0.0,100.43,5.98,7.74,2.54
Sharkia,2025-04-24,20.79,11.67,16.23,21.61,8.43,24.59,16.16,8.59,57.65,0.0,100.61,2.94,5.79,0.58
Sharkia,2025-04-25,22.18,9.68,15.93,24.17,16.7,30.74,14.04,7.56,51.57,0.0,100.62,3.25,5.73,0.79
Sharkia,2025-04-26,22.28,8.99,15.64,24.73,14.07,29.9,15.83,7.31,49.53,0.0,100.65,3.19,7.26,0.3
Sharkia,2025-04-27,21.9,9.15,15.53,24.76,16.03,30.63,14.6,7.35,51.43,0.0,100.71,3.5,7.09,1.88
Sharkia,2025-04-28,21.6,9.24,15.42,24.06,17.13,31.02,13.89,7.4,53.82,0.0,100.73,3.27,6.77,1.24
Sharkia,2025-04-29,22.8,9.49,16.15,25.37,17.49,31.92,14.43,7.45,49.32,0.0,100.58,3.08,6.67,1.3
Sharkia,2025-04-30,23.57,9.13,16.35,24.77,18.09,34.3,16.21,7.36,46.34,0.0,100.14,6.65,10.95,2.09
South Sinai,2025-04-01,20.16,-3.66,8.25,19.6,14.49,27.58,13.09,3.42,22.27,0.0,89.81,5.57,10.36,2.36
South Sinai,2025-04-02,16.0,-3.82,6.09,17.99,16.7,24.74,8.04,3.29,30.37,0.0,90.27,3.87,5.3,2.4
South Sinai,2025-04-03,16.34,-3.02,6.66,18.08,16.83,25.43,8.6,3.39,29.28,0.0,90.3,3.95,6.56,2.68
South Sinai,2025-04-04,14.15,0.99,7.57,16.29,15.65,22.58,6.93,4.7,48.67,0.0,90.18,4.39,7.97,1.17
South Sinai,2025-04-05,16.31,-0.03,8.14,17.46,14.04,23.38,9.34,4.27,36.77,0.0,90.2,3.13,6.61,0.62
South Sinai,2025-04-06,21.16,-2.96,9.1,21.57,16.55,29.57,13.02,3.4,21.31,0.0,90.08,5.48,8.96,2.04
South Sinai,2025-04-07,21.54,-2.16,9.69,21.36,11.95,28.23,16.28,3.62,21.53,0.0,90.36,2.99,7.08,0.73
South Sinai,2025-04-08,24.77,-4.81,9.98,25.17,16.71,33.15,16.44,2.91,14.86,0.0,90.33,6.13,9.57,3.17
South Sinai,2025-04-09,21.59,1.3,11.45,23.17,16.52,29.5,12.98,4.76,29.53,0.0,90.21,5.35,8.2,3.44
South Sinai,2025-04-10,12.7,3.03,7.87,15.72,11.97,18.83,6.86,5.44,57.77,0.0,90.31,6.56,7.87,4.86
South Sinai,2025-04-11,11.04,-0.19,5.42,14.18,14.09,18.62,4.53,4.33,54.05,0.04,90.15,5.86,8.65,3.39
South Sinai,2025-04-12,11.75,-0.94,5.4,14.28,15.25,19.61,4.36,4.03,48.4,0.0,90.21,3.26,5.99,0.42
South Sinai,2025-04-13,12.96,0.89,6.92,14.6,11.11,18.83,7.72,4.54,45.7,0.01,90.19,5.11,8.03,0.49
South Sinai,2025-04-14,11.36,1.36,6.36,14.16,12.86,18.74,5.88,4.74,56.3,0.11,90.57,4.61,6.88,1.97
South Sinai,2025-04-15,13.82,-3.24,5.29,16.4,17.78,22.93,5.15,3.43,38.07,0.0,90.63,3.64,5.41,1.8
South Sinai,2025-04-16,16.31,-5.82,5.25,19.35,17.61,26.02,8.41,2.84,27.62,0.0,90.55,3.73,7.28,1.01
South Sinai,2025-04-17,19.21,-5.37,6.92,21.76,19.75,29.28,9.53,2.89,23.36,0.0,90.39,4.44,6.28,1.25
South Sinai,2025-04-18,22.24,-4.11,9.06,24.51,16.7,31.41,14.71,3.14,19.27,0.0,90.19,3.44,6.66,0.47
South Sinai,2025-04-19,22.4,-2.68,9.86,25.24,17.44,31.7,14.26,3.52,21.96,0.0,90.16,3.7,5.97,0.96
South Sinai,2025-04-20,21.38,-2.9,9.24,23.68,17.44,31.03,13.59,3.46,23.01,0.0,90.14,4.43,6.65,2.02
South Sinai,2025-04-21,22.85,-2.06,10.4,23.63,18.0,31.56,13.56,3.64,21.21,0.0,90.25,3.24,6.52,0.62
South Sinai,2025-04-22,26.66,-3.5,11.59,26.7,15.27,34.75,19.48,3.24,14.22,0.0,90.44,3.98,6.27,2.06
South Sinai,2025-04-23,28.15,-3.09,12.53,28.88,15.33,36.41,21.08,3.43,14.37,0.0,90.37,4.91,7.73,2.11
South Sinai,2025-04-24,24.5,3.27,13.88,25.63,18.59,33.52,14.93,5.46,28.1,0.0,90.13,3.95,7.98,1.03
South Sinai,2025-04-25,18.67,1.59,10.13,21.79,15.64,27.63,11.99,5.03,39.47,0.0,90.1,4.44,6.22,2.96
South Sinai,2025-04-26,16.94,3.05,10.0,20.22,14.37,24.35,9.98,5.44,45.5,0.0,90.1,4.34,5.77,2.54
South Sinai,2025-04-27,18.5,0.98,9.74,21.65,17.4,28.23,10.83,4.71,37.51,0.0,90.11,3.69,5.94,0.39
South Sinai,2025-04-28,18.2,0.41,9.31,20.99,17.56,27.23,9.67,4.56,38.16,0.0,90.16,4.52,7.57,2.62
South Sinai,2025-04-29,20.58,1.22,10.9,23.11,17.07,29.05,11.98,4.66,31.02,0.0,90.16,3.94,6.09,2.54
South Sinai,2025-04-30,23.7,1.68,12.69,24.87,17.37,32.51,15.14,4.89,27.73,0.0,89.95,6.55,10.9,2.56
Kafr El Sheikh,2025-04-01,22.48,6.93,14.7,22.95,14.52,29.69,15.17,6.34,39.66,0.0,100.57,3.77,7.76,1.34
Kafr El Sheikh,2025-04-02,20.84,5.66,13.25,22.06,16.93,30.21,13.28,5.81,44.22,0.0,101.24,4.77,7.08,2.34
Kafr El Sheikh,2025-04-03,20.19,8.83,14.51,21.72,15.11,29.08,13.97,7.07,54.04,0.0,101.47,3.45,7.7,0.73
Kafr El Sheikh,2025-04-04,18.44,9.64,14.04,20.29,14.01,26.44,12.43,7.46,62.63,0.0,101.35,3.21,5.78,1.69
Kafr El Sheikh,2025-04-05,20.56,7.53,14.05,22.24,19.18,30.2,11.02,6.53,51.26,0.0,101.08,2.51,4.98,1.07
Kafr El Sheikh,2025-04-06,21.63,9.68,15.66,23.19,16.76,31.22,14.46,7.55,51.87,0.0,100.82,3.76,5.97,1.09
Kafr El Sheikh,2025-04-07,22.18,8.07,15.13,24.35,18.29,31.35,13.06,7.01,51.41,0.01,101.24,2.89,6.58,0.24
Kafr El Sheikh,2025-04-08,23.96,7.35,15.66,24.67,20.48,35.51,15.03,6.95,47.21,0.05,100.89,5.15,9.47,2.5
Kafr El Sheikh,2025-04-09,20.02,11.74,15.88,21.75,12.89,27.64,14.75,8.65,64.33,0.36,101.37,5.19,7.3,3.14
Kafr El Sheikh,2025-04-10,16.79,6.57,11.68,18.57,11.74,23.08,11.34,6.01,53.57,0.15,101.73,5.56,8.46,2.81
Kafr El Sheikh,2025-04-11,16.52,6.36,11.44,18.0,11.21,22.79,11.58,5.91,53.79,0.1,101.45,4.85,8.65,2.09
Kafr El Sheikh,2025-04-12,17.67,7.3,12.49,19.44,14.07,25.41,11.34,6.33,55.22,0.03,101.35,3.7,5.85,2.02
Kafr El Sheikh,2025-04-13,16.86,7.96,12.41,17.44,9.78,21.82,12.04,6.6,57.78,1.07,101.44,3.93,8.12,0.45
Kafr El Sheikh,2025-04-14,18.86,6.8,12.83,20.83,12.42,25.45,13.03,6.15,49.7,0.01,101.88,4.93,6.28,3.01
Kafr El Sheikh,2025-04-15,19.31,6.64,12.97,21.34,17.11,28.84,11.73,6.11,50.78,0.01,101.88,3.49,6.53,1.89
Kafr El Sheikh,2025-04-16,18.98,6.78,12.88,20.64,17.95,28.53,10.58,6.15,53.14,0.0,101.92,4.52,6.85,2.49
Kafr El Sheikh,2025-04-17,20.98,8.06,14.52,22.42,18.62,31.14,12.52,6.95,55.49,0.0,101.68,5.12,7.3,2.91
Kafr El Sheikh,2025-04-18,21.96,8.63,15.29,23.45,17.72,31.87,14.15,7.31,54.81,0.0,101.39,4.73,6.46,2.61
Kafr El Sheikh,2025-04-19,22.81,6.56,14.68,24.73,21.71,34.67,12.96,6.61,50.72,0.0,101.27,3.61,6.38,2.21
Kafr El Sheikh,2025-04-20,22.56,9.89,16.23,24.64,19.47,33.6,14.13,7.81,55.57,0.0,101.18,3.59,7.12,1.44
Kafr El Sheikh,2025-04-21,25.21,8.8,17.01,27.36,21.62,36.67,15.05,7.22,44.98,0.0,100.92,2.38,5.28,0.12
Kafr El Sheikh,2025-04-22,29.15,6.01,17.58,29.98,18.88,40.29,21.41,6.08,27.54,0.0,100.82,3.61,5.24,0.85
Kafr El Sheikh,2025-04-23,23.99,11.82,17.9,24.76,12.19,31.1,18.91,8.72,48.92,0.0,100.96,5.64,8.41,2.31
Kafr El Sheikh,2025-04-24,19.88,13.21,16.55,20.59,8.75,24.06,15.31,9.48,68.24,0.0,101.13,3.44,6.51,1.38
Kafr El Sheikh,2025-04-25,21.03,11.63,16.33,23.13,16.74,29.91,13.17,8.56,61.6,0.0,101.16,4.03,6.49,1.77
Kafr El Sheikh,2025-04-26,21.5,10.07,15.78,23.75,14.17,29.32,15.15,7.74,54.17,0.0,101.2,3.28,5.85,0.87
Kafr El Sheikh,2025-04-27,21.42,10.1,15.76,24.13,16.09,30.54,14.45,7.73,55.08,0.0,101.26,3.54,6.84,1.89
Kafr El Sheikh,2025-04-28,20.71,10.13,15.42,23.11,15.37,29.76,14.39,7.75,57.49,0.0,101.29,3.27,7.01,0.9
Kafr El Sheikh,2025-04-29,22.44,10.04,16.24,24.84,16.78,31.55,14.77,7.69,51.72,0.0,101.11,3.09,5.8,0.08
Kafr El Sheikh,2025-04-30,21.74,12.04,16.89,23.4,16.53,31.66,15.13,8.79,58.17,0.0,100.72,5.93,10.19,1.58
Matrouh,2025-04-01,20.24,4.17,12.2,21.84,9.58,25.42,15.84,5.08,35.55,0.0,101.43,5.99,9.23,3.17
Matrouh,2025-04-02,20.29,3.16,11.73,21.59,15.47,28.27,12.8,4.71,35.44,0.0,101.98,4.83,7.84,3.11
Matrouh,2025-04-03,20.97,4.4,12.68,22.85,16.4,29.4,13.0,5.23,38.47,0.0,102.19,4.17,6.96,2.27
Matrouh,2025-04-04,20.51,7.84,14.18,23.03,15.87,28.37,12.5,6.63,50.81,0.0,102.02,2.62,4.46,1.08
Matrouh,2025-04-05,21.62,5.04,13.33,24.04,17.59,30.49,12.9,5.45,39.12,0.0,101.62,2.77,6.04,0.44
Matrouh,2025-04-06,21.3,6.87,14.08,23.42,15.84,29.7,13.86,6.41,47.43,0.0,101.61,3.85,6.67,2.23
Matrouh,2025-04-07,20.54,6.61,13.57,21.81,15.14,28.55,13.41,6.22,47.6,0.0,101.72,3.18,4.63,0.48
Matrouh,2025-04-08,23.42,6.41,14.92,25.18,18.97,33.89,14.92,6.06,38.9,0.0,101.58,5.12,8.19,3.55
Matrouh,2025-04-09,20.0,9.53,14.77,22.08,11.69,26.6,14.91,7.45,55.64,0.0,102.34,5.77,8.81,2.99
Matrouh,2025-04-10,16.79,3.56,10.17,19.17,12.45,23.11,10.66,4.9,46.03,0.0,102.66,4.34,5.83,2.93
Matrouh,2025-04-11,17.77,5.87,11.82,19.37,14.38,25.25,10.87,5.65,47.97,0.02,102.35,4.03,8.2,0.98
Matrouh,2025-04-12,19.24,4.85,12.05,22.0,15.96,27.18,11.22,5.35,43.55,0.0,102.11,3.45,7.29,1.38
Matrouh,2025-04-13,18.91,7.46,13.18,20.89,14.88,26.55,11.67,6.37,52.59,0.0,102.37,5.5,8.75,2.67
Matrouh,2025-04-14,18.43,1.71,10.07,21.13,16.39,25.99,9.6,4.46,41.28,0.0,102.76,2.25,3.63,0.82
Matrouh,2025-04-15,19.85,3.47,11.66,22.65,18.29,28.48,10.19,4.91,40.56,0.0,102.64,2.69,5.61,1.09
Matrouh,2025-04-16,21.37,2.95,12.16,23.53,17.47,30.47,13.0,5.22,41.37,0.0,102.5,3.83,5.43,2.96
Matrouh,2025-04-17,21.58,4.24,12.91,23.88,17.88,30.79,12.91,5.38,41.95,0.0,102.41,4.0,5.5,2.97
Matrouh,2025-04-18,22.39,3.78,13.09,24.66,20.08,32.64,12.56,5.13,38.44,0.0,102.18,3.27,4.54,2.6
Matrouh,2025-04-19,23.63,3.94,13.79,26.02,19.32,33.12,13.8,5.12,34.41,0.0,102.03,2.0,3.57,1.04
Matrouh,2025-04-20,25.13,8.33,16.73,27.58,18.2,33.81,15.61,6.96,42.82,0.0,101.82,2.54,4.6,0.41
Matrouh,2025-04-21,29.11,0.92,15.02,30.14,21.68,40.61,18.93,4.25,21.51,0.0,101.36,4.89,8.82,2.85
Matrouh,2025-04-22,29.91,5.3,17.61,32.12,16.69,38.89,22.2,5.62,23.27,0.0,101.58,3.47,6.98,0.29
Matrouh,2025-04-23,26.75,7.32,17.03,28.66,11.65,33.22,21.57,6.37,30.83,0.0,101.82,5.14,7.31,2.38
Matrouh,2025-04-24,23.95,8.09,16.02,25.7,11.34,30.99,19.65,6.75,38.52,0.0,101.9,4.19,9.27,1.56
Matrouh,2025-04-25,22.16,7.22,14.69,25.09,13.98,28.91,14.93,6.35,41.7,0.0,101.96,3.9,6.68,2.21
Matrouh,2025-04-26,22.3,6.59,14.45,25.21,14.71,29.43,14.72,6.11,40.81,0.0,101.92,3.09,5.11,0.68
Matrouh,2025-04-27,23.38,5.63,14.5,25.99,17.42,31.79,14.37,5.71,36.51,0.0,101.92,3.52,6.31,2.31
Matrouh,2025-04-28,24.22,9.24,16.73,27.16,16.3,32.25,15.95,7.22,43.5,0.87,101.91,3.87,8.06,1.33
Matrouh,2025-04-29,24.62,8.92,16.77,26.47,16.06,32.98,16.92,7.13,42.15,0.0,101.44,6.45,11.84,3.21
Matrouh,2025-04-30,22.6,8.4,15.5,24.69,10.88,28.85,17.97,7.0,44.7,0.09,101.63,6.93,11.01,3.38
Sohag,2025-04-01,25.06,0.92,12.99,25.86,16.78,35.32,18.54,4.19,22.26,0.0,98.26,5.96,8.86,3.39
Sohag,2025-04-02,21.79,-1.84,9.97,23.26,18.41,31.06,12.65,3.37,22.65,0.0,98.91,5.12,6.53,3.58
Sohag,2025-04-03,22.58,-2.0,10.29,23.45,15.9,30.78,14.88,3.32,20.91,0.0,98.94,5.85,8.0,4.07
Sohag,2025-04-04,22.65,1.69,12.17,23.91,17.17,31.42,14.25,4.36,26.89,0.0,98.86,5.42,8.16,2.97
Sohag,2025-04-05,24.85,-0.16,12.35,25.71,19.55,33.98,14.43,3.83,22.14,0.0,98.74,2.55,4.05,0.55
Sohag,2025-04-06,26.61,-3.74,11.43,27.66,19.89,36.75,16.86,2.9,14.85,0.0,98.54,4.18,5.63,2.84
Sohag,2025-04-07,27.77,-1.36,13.2,29.46,18.92,37.17,18.25,3.49,16.62,0.0,98.74,3.15,5.0,0.54
Sohag,2025-04-08,30.36,-2.6,13.88,31.21,20.88,41.23,20.35,3.26,13.97,0.0,98.66,4.49,6.19,2.97
Sohag,2025-04-09,26.62,1.47,14.04,27.76,15.12,34.45,19.33,4.55,20.69,0.0,98.73,6.36,8.38,3.36
Sohag,2025-04-10,19.93,3.94,11.94,21.64,11.12,25.79,14.67,5.35,39.17,0.0,99.09,8.41,9.94,5.37
Sohag,2025-04-11,18.66,1.62,10.14,20.21,14.59,25.72,11.13,4.35,34.81,0.0,99.02,6.95,10.18,4.39
Sohag,2025-04-12,20.02,3.13,11.58,21.51,15.8,27.6,11.8,4.83,35.18,0.0,99.01,4.62,7.65,2.04
Sohag,2025-04-13,20.84,1.44,11.14,22.18,15.82,28.45,12.63,4.28,29.55,0.0,98.95,5.38,8.93,1.99
Sohag,2025-04-14,19.4,-0.87,9.26,21.37,14.79,27.08,12.29,3.76,30.43,0.0,99.39,5.28,6.69,3.94
Sohag,2025-04-15,21.0,-3.83,8.59,22.76,18.41,30.26,11.85,2.95,22.2,0.0,99.35,4.46,6.4,3.17
Sohag,2025-04-16,23.51,-3.36,10.07,25.73,19.22,33.49,14.27,3.17,18.97,0.0,99.09,3.85,5.47,2.03
Sohag,2025-04-17,23.79,-4.02,9.89,26.11,21.96,35.03,13.07,2.95,19.31,0.0,98.83,3.21,4.76,1.56
Sohag,2025-04-18,25.47,-3.04,11.22,27.39,21.37,36.33,14.96,3.11,17.06,0.0,98.61,4.67,6.91,3.23
Sohag,2025-04-19,26.72,-0.82,12.95,28.9,22.69,38.23,15.54,3.74,20.98,0.0,98.54,4.63,7.28,2.62
Sohag,2025-04-20,27.68,-3.24,12.22,29.08,20.44,38.21,17.77,3.02,14.85,0.0,98.57,5.36,7.88,3.77
Sohag,2025-04-21,30.43,-1.82,14.31,31.92,20.12,40.33,20.21,3.35,13.27,0.0,98.61,2.47,3.58,0.66
Sohag,2025-04-22,33.47,-2.77,15.35,33.46,17.82,43.17,25.35,3.09,10.18,0.0,98.73,2.51,4.55,0.72
Sohag,2025-04-23,34.44,-2.68,15.88,35.37,19.06,44.51,25.45,3.13,9.82,0.0,98.6,2.82,5.94,1.2
Sohag,2025-04-24,29.26,6.58,17.92,30.79,14.82,37.93,23.11,6.19,25.16,0.0,98.53,6.7,9.34,2.97
Sohag,2025-04-25,25.64,4.29,14.96,27.66,14.14,32.8,18.66,5.35,27.81,0.0,98.68,5.83,7.64,3.79
Sohag,2025-04-26,24.67,3.05,13.86,26.72,15.39,32.0,16.61,4.82,25.76,0.0,98.7,5.54,7.25,3.64
Sohag,2025-04-27,25.73,2.68,14.2,27.77,14.9,33.4,18.5,4.69,23.93,0.0,98.7,4.69,7.0,2.9
Sohag,2025-04-28,26.24,3.07,14.65,27.81,17.12,34.64,17.52,4.81,24.22,0.0,98.71,6.11,10.07,3.52
Sohag,2025-04-29,28.98,2.04,15.51,31.56,19.9,38.51,18.61,4.48,19.84,0.0,98.48,2.5,3.73,1.09
Sohag,2025-04-30,29.33,2.42,15.88,30.79,15.88,37.86,21.98,4.67,19.78,0.0,98.4,6.47,9.65,3.17
Red Sea,2025-04-01,28.58,0.16,14.37,29.49,20.61,39.08,18.47,4.09,17.99,0.0,94.55,6.17,8.78,3.3
Red Sea,2025-04-02,25.88,-2.84,11.52,28.52,17.17,35.82,18.65,3.35,17.8,0.0,94.99,4.82,7.39,2.8
Red Sea,2025-04-03,24.32,-4.03,10.14,26.56,16.84,33.43,16.59,2.99,16.24,0.0,95.01,5.3,8.95,2.99
Red Sea,2025-04-04,23.81,-4.63,9.59,25.9,16.0,32.36,16.36,2.85,16.36,0.0,94.97,5.82,8.87,3.4
Red Sea,2025-04-05,23.3,0.2,11.75,26.71,18.47,32.82,14.35,4.13,25.13,0.0,95.06,3.29,4.94,2.24
Red Sea,2025-04-06,26.38,-2.5,11.94,28.39,16.15,34.94,18.79,3.35,16.67,0.0,94.89,3.4,7.38,1.12
Red Sea,2025-04-07,27.35,-3.09,12.13,29.59,16.75,36.75,20.0,3.44,16.34,0.0,95.05,3.39,5.97,1.81
Red Sea,2025-04-08,29.1,3.33,16.22,31.88,19.16,38.91,19.75,5.26,23.73,0.0,95.14,3.54,4.52,2.76
Red Sea,2025-04-09,31.4,2.36,16.88,33.53,18.78,41.15,22.37,4.91,18.99,0.0,94.9,5.54,8.57,4.01
Red Sea,2025-04-10,23.97,0.59,12.28,26.46,15.22,32.18,16.96,4.43,24.47,0.0,95.03,6.77,9.51,4.04
Red Sea,2025-04-11,20.08,-3.33,8.37,22.92,16.23,28.91,12.68,3.27,24.11,0.0,95.01,6.66,9.48,4.75
Red Sea,2025-04-12,19.69,-2.35,8.67,22.38,15.48,27.81,12.33,3.47,26.6,0.0,95.12,5.81,8.87,3.06
Red Sea,2025-04-13,21.69,-1.07,10.31,24.08,16.19,29.81,13.62,3.73,24.44,0.0,95.11,5.62,8.5,2.06
Red Sea,2025-04-14,19.66,-0.16,9.75,22.99,14.36,27.83,13.47,4.2,32.36,0.0,95.43,5.23,8.36,2.32
Red Sea,2025-04-15,20.29,3.44,11.86,23.61,17.94,29.71,11.77,5.24,38.51,0.0,95.47,4.01,6.94,2.15
Red Sea,2025-04-16,22.74,3.88,13.31,25.87,17.31,31.82,14.51,5.38,33.92,0.0,95.28,4.38,8.24,1.82
Red Sea,2025-04-17,25.45,-1.88,11.78,29.05,20.19,36.07,15.88,3.52,18.62,0.0,95.04,3.29,5.68,1.93
Red Sea,2025-04-18,27.3,-2.23,12.54,30.64,18.22,36.89,18.67,3.43,15.99,0.0,94.85,2.6,4.16,1.83
Red Sea,2025-04-19,27.97,-1.02,13.48,31.88,18.42,37.43,19.01,3.8,17.61,0.0,94.79,1.73,2.96,0.07
Red Sea,2025-04-20,28.29,-0.67,13.81,32.07,18.58,37.71,19.13,3.88,17.59,0.0,94.81,2.32,5.18,0.57
Red Sea,2025-04-21,28.2,-1.57,13.31,30.39,16.5,36.57,20.07,3.57,15.0,0.0,95.0,4.44,7.0,1.73
Red Sea,2025-04-22,31.73,-4.32,13.7,33.08,15.56,40.07,24.51,2.85,10.27,0.0,95.15,3.57,5.66,2.02
Red Sea,2025-04-23,33.22,-3.28,14.97,34.48,15.48,41.37,25.89,3.12,10.07,0.0,95.02,3.65,5.75,2.0
Red Sea,2025-04-24,34.52,2.43,18.48,36.78,18.32,43.52,25.2,4.86,14.18,0.0,94.69,3.73,5.81,0.6
Red Sea,2025-04-25,28.14,5.73,16.93,31.4,13.4,36.37,22.97,6.2,26.25,0.0,94.78,4.18,7.21,1.28
Red Sea,2025-04-26,26.52,-0.3,13.11,29.78,16.11,35.62,19.51,4.07,20.28,0.0,94.82,4.73,7.84,2.45
Red Sea,2025-04-27,25.27,-0.05,12.61,27.86,15.18,33.09,17.91,4.11,21.68,0.0,94.88,4.02,6.33,2.65
Red Sea,2025-04-28,26.59,-0.16,13.21,29.42,16.39,35.55,19.16,4.1,20.67,0.0,94.85,5.15,9.44,3.12
Red Sea,2025-04-29,25.82,1.3,13.56,27.94,13.79,33.44,19.65,4.43,21.27,0.0,94.83,7.21,10.88,3.32
Red Sea,2025-04-30,29.75,-1.64,14.05,32.41,18.14,38.33,20.19,3.61,15.52,0.0,94.65,4.46,8.1,1.25
Gharbia,2025-04-01,22.48,6.93,14.7,22.95,14.52,29.69,15.17,6.34,39.66,0.0,100.57,3.77,7.76,1.34
Gharbia,2025-04-02,20.84,5.66,13.25,22.06,16.93,30.21,13.28,5.81,44.22,0.0,101.24,4.77,7.08,2.34
Gharbia,2025-04-03,20.19,8.83,14.51,21.72,15.11,29.08,13.97,7.07,54.04,0.0,101.47,3.45,7.7,0.73
Gharbia,2025-04-04,18.44,9.64,14.04,20.29,14.01,26.44,12.43,7.46,62.63,0.0,101.35,3.21,5.78,1.69
Gharbia,2025-04-05,20.56,7.53,14.05,22.24,19.18,30.2,11.02,6.53,51.26,0.0,101.08,2.51,4.98,1.07
Gharbia,2025-04-06,21.63,9.68,15.66,23.19,16.76,31.22,14.46,7.55,51.87,0.0,100.82,3.76,5.97,1.09
Gharbia,2025-04-07,22.18,8.07,15.13,24.35,18.29,31.35,13.06,7.01,51.41,0.01,101.24,2.89,6.58,0.24
Gharbia,2025-04-08,23.96,7.35,15.66,24.67,20.48,35.51,15.03,6.95,47.21,0.05,100.89,5.15,9.47,2.5
Gharbia,2025-04-09,20.02,11.74,15.88,21.75,12.89,27.64,14.75,8.65,64.33,0.36,101.37,5.19,7.3,3.14
Gharbia,2025-04-10,16.79,6.57,11.68,18.57,11.74,23.08,11.34,6.01,53.57,0.15,101.73,5.56,8.46,2.81
Gharbia,2025-04-11,16.52,6.36,11.44,18.0,11.21,22.79,11.58,5.91,53.79,0.1,101.45,4.85,8.65,2.09
Gharbia,2025-04-12,17.67,7.3,12.49,19.44,14.07,25.41,11.34,6.33,55.22,0.03,101.35,3.7,5.85,2.02
Gharbia,2025-04-13,16.86,7.96,12.41,17.44,9.78,21.82,12.04,6.6,57.78,1.07,101.44,3.93,8.12,0.45
Gharbia,2025-04-14,18.86,6.8,12.83,20.83,12.42,25.45,13.03,6.15,49.7,0.01,101.88,4.93,6.28,3.01
Gharbia,2025-04-15,19.31,6.64,12.97,21.34,17.11,28.84,11.73,6.11,50.78,0.01,101.88,3.49,6.53,1.89
Gharbia,2025-04-16,18.98,6.78,12.88,20.64,17.95,28.53,10.58,6.15,53.14,0.0,101.92,4.52,6.85,2.49
Gharbia,2025-04-17,20.98,8.06,14.52,22.42,18.62,31.14,12.52,6.95,55.49,0.0,101.68,5.12,7.3,2.91
Gharbia,2025-04-18,21.96,8.63,15.29,23.45,17.72,31.87,14.15,7.31,54.81,0.0,101.39,4.73,6.46,2.61
Gharbia,2025-04-19,22.81,6.56,14.68,24.73,21.71,34.67,12.96,6.61,50.72,0.0,101.27,3.61,6.38,2.21
Gharbia,2025-04-20,22.56,9.89,16.23,24.64,19.47,33.6,14.13,7.81,55.57,0.0,101.18,3.59,7.12,1.44
Gharbia,2025-04-21,25.21,8.8,17.01,27.36,21.62,36.67,15.05,7.22,44.98,0.0,100.92,2.38,5.28,0.12
Gharbia,2025-04-22,29.15,6.01,17.58,29.98,18.88,40.29,21.41,6.08,27.54,0.0,100.82,3.61,5.24,0.85
Gharbia,2025-04-23,23.99,11.82,17.9,24.76,12.19,31.1,18.91,8.72,48.92,0.0,100.96,5.64,8.41,2.31
Gharbia,2025-04-24,19.88,13.21,16.55,20.59,8.75,24.06,15.31,9.48,68.24,0.0,101.13,3.44,6.51,1.38
Gharbia,2025-04-25,21.03,11.63,16.33,23.13,16.74,29.91,13.17,8.56,61.6,0.0,101.16,4.03,6.49,1.77
Gharbia,2025-04-26,21.5,10.07,15.78,23.75,14.17,29.32,15.15,7.74,54.17,0.0,101.2,3.28,5.85,0.87
Gharbia,2025-04-27,21.42,10.1,15.76,24.13,16.09,30.54,14.45,7.73,55.08,0.0,101.26,3.54,6.84,1.89
Gharbia,2025-04-28,20.71,10.13,15.42,23.11,15.37,29.76,14.39,7.75,57.49,0.0,101.29,3.27,7.01,0.9
Gharbia,2025-04-29,22.44,10.04,16.24,24.84,16.78,31.55,14.77,7.69,51.72,0.0,101.11,3.09,5.8,0.08
Gharbia,2025-04-30,21.74,12.04,16.89,23.4,16.53,31.66,15.13,8.79,58.17,0.0,100.72,5.93,10.19,1.58
New Valley,2025-04-01,22.03,-2.79,9.62,22.96,12.95,28.47,15.52,3.23,19.17,0.0,96.96,5.98,9.44,2.31
New Valley,2025-04-02,19.78,-1.24,9.27,21.57,17.98,28.87,10.89,3.56,26.13,0.0,97.57,3.91,5.49,3.02
New Valley,2025-04-03,20.9,-2.97,8.97,22.06,17.38,29.9,12.52,3.12,21.54,0.0,97.65,4.88,6.79,3.59
New Valley,2025-04-04,21.62,-1.3,10.16,23.18,18.41,31.02,12.61,3.55,22.78,0.0,97.55,3.6,5.23,2.14
New Valley,2025-04-05,24.77,-2.46,11.16,25.7,19.04,34.49,15.45,3.27,18.39,0.0,97.26,3.58,5.09,2.25
New Valley,2025-04-06,25.26,-5.9,9.68,26.72,18.6,34.96,16.36,2.47,13.23,0.0,97.14,4.16,5.63,2.27
New Valley,2025-04-07,25.49,-3.09,11.2,26.36,19.87,34.96,15.09,3.12,17.39,0.0,97.26,3.9,5.36,2.51
New Valley,2025-04-08,29.38,-6.49,11.45,29.71,18.62,39.59,20.97,2.32,9.73,0.0,97.18,6.33,9.64,3.42
New Valley,2025-04-09,23.98,3.41,13.7,25.38,13.23,31.36,18.13,5.14,27.34,0.0,97.55,7.24,9.56,3.5
New Valley,2025-04-10,17.92,0.32,9.12,19.75,10.94,23.89,12.95,4.14,33.62,0.0,97.92,7.9,10.01,4.07
New Valley,2025-04-11,17.25,-1.42,7.91,19.15,15.76,24.92,9.16,3.53,29.42,0.0,97.8,5.6,7.79,4.01
New Valley,2025-04-12,19.92,0.94,10.43,22.18,15.99,27.82,11.83,4.19,30.48,0.0,97.68,3.39,5.09,0.97
New Valley,2025-04-13,19.55,-1.26,9.14,21.19,14.58,26.66,12.08,3.57,25.5,0.0,97.72,5.91,9.03,3.4
New Valley,2025-04-14,18.15,-2.37,7.89,20.29,14.59,25.94,11.35,3.45,28.62,0.0,98.07,4.51,5.46,3.46
New Valley,2025-04-15,19.58,-4.99,7.29,21.66,18.46,28.7,10.24,2.65,20.4,0.0,98.01,3.45,4.23,2.46
New Valley,2025-04-16,21.48,-2.78,9.35,23.24,16.92,30.1,13.18,3.19,19.9,0.0,97.79,3.84,5.0,2.94
New Valley,2025-04-17,22.19,-5.31,8.44,23.88,17.3,30.99,13.69,2.62,16.45,0.0,97.64,5.03,7.43,3.02
New Valley,2025-04-18,22.52,-3.05,9.74,24.16,18.81,32.17,13.36,3.11,19.08,0.0,97.49,5.36,7.45,3.52
New Valley,2025-04-19,23.37,-3.52,9.93,24.76,19.86,33.43,13.57,3.01,18.17,0.0,97.42,5.58,8.21,3.94
New Valley,2025-04-20,25.32,-4.0,10.66,26.74,20.73,35.58,14.85,2.87,15.16,0.0,97.37,4.27,5.96,3.14
New Valley,2025-04-21,29.35,-2.65,13.35,29.39,17.21,38.59,21.38,3.2,12.81,0.0,97.25,2.62,3.51,1.73
New Valley,2025-04-22,32.17,-2.7,14.74,32.63,19.04,41.99,22.95,3.16,11.28,0.0,97.33,2.36,3.45,1.03
New Valley,2025-04-23,30.54,-1.8,14.37,31.77,18.95,40.22,21.27,3.44,12.96,0.0,97.32,4.47,7.5,1.98
New Valley,2025-04-24,26.41,5.24,15.83,27.94,12.73,33.34,20.61,5.73,26.44,0.0,97.33,6.9,9.49,3.9
New Valley,2025-04-25,23.44,1.37,12.4,25.52,13.92,30.75,16.83,4.42,26.05,0.0,97.47,6.48,8.57,5.25
New Valley,2025-04-26,22.36,-0.03,11.17,24.44,15.98,30.34,14.36,3.9,24.09,0.0,97.48,5.34,7.15,3.84
New Valley,2025-04-27,23.63,-0.56,11.53,25.56,16.44,31.41,14.97,3.76,21.78,0.0,97.47,4.92,7.21,3.05
New Valley,2025-04-28,25.04,0.97,13.0,27.06,18.47,34.19,15.72,4.2,22.83,0.0,97.42,3.73,5.57,2.83
New Valley,2025-04-29,28.1,-0.04,14.03,29.78,19.38,37.33,17.95,3.92,17.95,0.0,97.09,3.94,5.32,2.95
New Valley,2025-04-30,25.99,3.42,14.7,27.14,10.69,31.01,20.32,5.1,23.98,0.0,97.16,7.09,9.81,4.08
Fayoum,2025-04-01,21.03,4.92,12.98,21.49,12.58,27.75,15.17,5.53,35.58,0.0,99.71,4.61,7.06,1.92
Fayoum,2025-04-02,19.94,4.05,12.0,21.08,16.37,28.43,12.06,5.09,38.31,0.0,100.37,3.66,4.62,2.21
Fayoum,2025-04-03,19.9,6.55,13.23,21.39,15.69,27.93,12.24,6.11,47.28,0.0,100.52,4.39,6.39,2.99
Fayoum,2025-04-04,18.67,7.39,13.03,20.41,14.42,26.06,11.64,6.46,52.78,0.0,100.41,3.84,5.42,2.56
Fayoum,2025-04-05,21.07,6.15,13.61,22.22,17.97,29.63,11.66,5.95,43.61,0.0,100.11,2.57,3.65,1.06
Fayoum,2025-04-06,22.52,5.88,14.2,23.11,15.41,31.3,15.89,5.87,36.2,0.0,99.88,4.44,6.78,2.71
Fayoum,2025-04-07,22.23,7.4,14.81,23.57,16.75,29.93,13.18,6.58,45.43,0.0,100.26,2.36,3.86,0.27
Fayoum,2025-04-08,25.72,2.4,14.06,25.73,18.69,36.71,18.02,4.65,25.96,0.0,99.93,6.27,10.39,3.63
Fayoum,2025-04-09,20.7,11.37,16.04,22.43,13.31,28.15,14.84,8.46,60.32,0.04,100.41,6.56,8.67,5.2
Fayoum,2025-04-10,16.79,6.42,11.61,18.92,10.77,22.76,11.99,6.04,53.99,0.01,100.8,5.88,6.95,3.88
Fayoum,2025-04-11,15.61,5.96,10.78,17.4,14.15,22.83,8.68,5.79,56.21,0.0,100.6,4.67,8.7,1.5
Fayoum,2025-04-12,17.49,6.16,11.83,19.32,15.15,25.28,10.13,5.93,53.27,0.0,100.43,3.27,5.23,1.18
Fayoum,2025-04-13,17.06,6.81,11.93,18.77,12.31,23.12,10.81,6.15,53.7,0.05,100.52,5.32,8.52,2.2
Fayoum,2025-04-14,17.57,5.5,11.53,19.52,15.49,25.25,9.76,5.67,51.29,0.0,100.97,4.47,6.4,2.93
Fayoum,2025-04-15,18.54,5.98,12.26,20.59,17.62,27.13,9.51,5.83,49.94,0.0,100.92,3.71,6.45,2.28
Fayoum,2025-04-16,19.6,2.15,10.87,21.01,17.79,28.6,10.81,4.51,36.57,0.0,100.82,5.79,6.94,4.31
Fayoum,2025-04-17,21.28,4.96,13.12,22.44,19.63,31.18,11.55,5.6,43.72,0.0,100.6,6.31,8.17,4.41
Fayoum,2025-04-18,22.4,6.31,14.35,23.68,19.05,32.17,13.12,6.16,44.08,0.0,100.36,6.3,7.55,4.8
Fayoum,2025-04-19,22.97,4.32,13.64,24.29,20.15,33.15,13.0,5.32,36.9,0.0,100.29,5.34,7.58,3.73
Fayoum,2025-04-20,23.82,6.16,14.99,25.42,18.42,33.23,14.81,6.01,37.77,0.0,100.21,4.83,6.05,3.29
Fayoum,2025-04-21,27.23,5.0,16.12,28.48,19.67,36.92,17.25,5.55,28.83,0.0,99.97,3.22,4.55,1.5
Fayoum,2025-04-22,30.46,2.89,16.68,31.19,17.31,39.81,22.5,4.8,18.44,0.0,99.99,2.77,4.39,1.15
Fayoum,2025-04-23,27.76,8.89,18.33,29.05,14.98,35.49,20.51,7.23,32.17,0.0,100.06,4.87,6.55,3.14
Fayoum,2025-04-24,21.39,10.96,16.18,22.49,8.37,25.59,17.22,8.23,53.43,0.0,100.22,4.43,6.16,2.89
Fayoum,2025-04-25,21.73,8.36,15.05,24.05,15.27,29.2,13.93,6.99,48.9,0.0,100.24,3.85,5.45,2.0
Fayoum,2025-04-26,22.21,8.38,15.3,24.69,14.1,28.93,14.83,6.96,46.15,0.0,100.25,3.72,5.96,2.22
Fayoum,2025-04-27,22.95,8.31,15.63,25.6,14.39,30.02,15.63,6.88,42.78,0.0,100.26,4.28,7.22,2.73
Fayoum,2025-04-28,22.45,7.42,14.94,24.72,16.05,30.44,14.39,6.5,43.14,0.0,100.31,4.69,6.74,2.31
Fayoum,2025-04-29,24.13,8.02,16.07,26.3,17.01,32.26,15.25,6.76,40.67,0.0,100.05,4.25,6.36,2.6
Fayoum,2025-04-30,23.14,8.15,15.64,24.55,13.79,30.05,16.26,6.88,40.59,0.0,99.77,6.08,9.88,2.27
Luxor,2025-04-01,27.73,1.28,14.5,28.16,18.5,38.4,19.9,4.34,20.51,0.0,97.27,6.4,8.67,3.68
Luxor,2025-04-02,23.63,-4.2,9.72,25.21,17.44,33.12,15.68,2.96,18.64,0.0,97.88,5.49,8.15,2.88
Luxor,2025-04-03,23.5,-4.29,9.61,24.9,19.38,32.85,13.47,2.82,17.19,0.0,97.88,5.79,7.67,3.69
Luxor,2025-04-04,23.52,-1.1,11.21,24.99,17.56,32.35,14.79,3.6,21.12,0.0,97.84,6.15,8.76,3.44
Luxor,2025-04-05,24.88,-0.75,12.06,26.21,17.86,33.23,15.37,3.7,20.81,0.0,97.82,2.52,3.5,1.16
Luxor,2025-04-06,27.25,-3.34,11.96,28.38,19.66,36.66,17.0,3.14,16.43,0.0,97.57,2.59,4.1,0.76
Luxor,2025-04-07,28.64,-5.03,11.8,29.0,16.02,37.69,21.67,2.65,11.95,0.0,97.75,1.96,3.53,0.11
Luxor,2025-04-08,30.1,0.4,15.25,30.75,19.69,39.65,19.96,4.29,19.59,0.0,97.81,3.42,5.28,1.92
Luxor,2025-04-09,29.3,-1.24,14.03,30.9,18.65,39.61,20.96,3.71,15.89,0.0,97.69,4.94,8.55,1.2
Luxor,2025-04-10,22.37,2.0,12.18,24.25,13.01,29.1,16.09,4.73,29.21,0.0,97.97,7.67,9.93,5.03
Luxor,2025-04-11,19.31,-0.74,9.29,21.17,15.39,27.28,11.89,3.76,29.35,0.0,97.97,6.99,10.16,4.02
Luxor,2025-04-12,20.1,1.53,10.82,21.88,15.87,28.01,12.14,4.36,31.76,0.0,98.02,5.62,8.73,2.89
Luxor,2025-04-13,21.94,-0.04,10.95,23.22,14.9,30.09,15.19,3.89,25.49,0.0,97.96,4.91,9.09,0.3
Luxor,2025-04-14,20.04,-3.57,8.24,22.09,13.86,27.46,13.6,3.25,25.02,0.0,98.32,5.53,7.04,3.77
Luxor,2025-04-15,20.99,-4.76,8.12,23.22,18.48,30.07,11.59,2.78,19.61,0.0,98.32,3.78,4.51,2.77
Luxor,2025-04-16,23.88,-0.66,11.61,26.53,19.77,33.6,13.83,3.74,22.52,0.0,98.07,3.23,4.75,1.16
Luxor,2025-04-17,25.61,-4.03,10.79,28.25,19.59,35.57,15.98,2.89,15.64,0.0,97.81,2.85,4.29,1.29
Luxor,2025-04-18,26.37,-5.49,10.44,28.75,20.13,36.86,16.73,2.55,12.74,0.0,97.6,3.44,4.96,1.92
Luxor,2025-04-19,26.71,-2.15,12.28,29.17,20.47,37.27,16.8,3.36,17.31,0.0,97.54,2.87,3.86,1.87
Luxor,2025-04-20,28.0,-4.36,11.82,29.7,18.77,38.0,19.23,2.81,13.08,0.0,97.55,3.19,4.41,1.36
Luxor,2025-04-21,30.15,-2.28,13.94,31.18,19.71,39.29,19.58,3.27,13.05,0.0,97.69,2.34,3.48,0.65
Luxor,2025-04-22,33.72,-2.62,15.55,34.53,17.28,42.4,25.12,3.16,10.41,0.0,97.81,1.55,3.02,0.48
Luxor,2025-04-23,34.32,-4.92,14.7,35.0,20.23,44.16,23.93,2.59,8.45,0.0,97.66,2.26,3.45,1.52
Luxor,2025-04-24,32.84,0.86,16.85,34.62,18.6,43.07,24.47,4.29,13.96,0.0,97.45,5.2,10.91,1.76
Luxor,2025-04-25,28.21,3.03,15.62,30.54,13.78,35.94,22.16,4.98,22.1,0.0,97.6,6.61,8.34,5.02
Luxor,2025-04-26,25.51,1.0,13.26,27.72,16.52,33.7,17.18,4.2,21.67,0.0,97.67,5.5,7.45,3.46
Luxor,2025-04-27,25.97,0.89,13.43,28.06,15.97,33.72,17.75,4.17,20.99,0.0,97.69,4.64,5.91,3.25
Luxor,2025-04-28,26.98,0.85,13.91,28.81,17.13,35.46,18.33,4.17,20.23,0.0,97.68,6.07,8.76,3.89
Luxor,2025-04-29,28.43,0.51,14.47,30.2,19.73,38.16,18.43,4.05,18.31,0.0,97.53,4.6,6.61,2.83
Luxor,2025-04-30,30.71,0.97,15.84,32.83,18.06,40.16,22.1,4.21,16.83,0.0,97.4,4.58,8.46,1.67
Ismailia,2025-04-01,24.16,2.38,13.27,24.66,15.2,31.75,16.55,4.67,26.39,0.0,99.44,4.84,7.74,2.76
Ismailia,2025-04-02,20.3,4.18,12.24,21.83,15.88,28.48,12.6,5.29,39.48,0.0,100.17,3.43,5.09,2.21
Ismailia,2025-04-03,20.05,8.19,14.12,22.22,13.85,27.93,14.08,7.0,54.39,0.0,100.32,3.53,7.66,1.77
Ismailia,2025-04-04,18.06,9.58,13.82,20.27,12.67,25.14,12.47,7.53,63.24,0.0,100.2,3.38,6.61,1.12
Ismailia,2025-04-05,19.83,5.95,12.89,21.72,17.27,28.09,10.82,5.96,47.91,0.0,100.02,2.42,4.31,0.59
Ismailia,2025-04-06,23.41,5.33,14.37,24.07,16.44,33.05,16.61,5.94,38.03,0.0,99.67,6.14,8.7,2.66
Ismailia,2025-04-07,21.5,9.44,15.47,23.61,15.25,29.71,14.46,7.65,54.89,0.01,100.14,2.95,6.32,0.81
Ismailia,2025-04-08,27.09,1.75,14.42,27.0,20.3,38.51,18.21,4.56,24.54,0.0,99.78,5.97,11.61,2.59
Ismailia,2025-04-09,20.55,11.7,16.12,22.65,12.06,27.33,15.27,8.75,61.4,0.13,100.16,5.19,7.92,2.69
Ismailia,2025-04-10,16.66,6.48,11.57,18.95,11.23,22.55,11.32,6.07,54.01,0.21,100.53,5.74,8.04,3.28
Ismailia,2025-04-11,15.41,4.89,10.15,17.56,13.8,22.69,8.89,5.4,53.56,0.28,100.31,4.27,8.04,2.12
Ismailia,2025-04-12,16.67,6.86,11.77,19.11,14.04,23.84,9.8,6.22,57.3,0.08,100.24,3.36,5.78,1.99
Ismailia,2025-04-13,16.57,7.03,11.8,18.53,11.15,22.67,11.52,6.28,56.8,1.78,100.27,3.84,6.91,0.84
Ismailia,2025-04-14,16.99,6.94,11.96,19.1,10.31,22.75,12.44,6.28,55.51,0.26,100.71,4.37,5.63,2.77
Ismailia,2025-04-15,17.53,6.39,11.96,19.95,15.15,25.6,10.45,6.05,54.28,0.05,100.75,3.41,6.1,1.73
Ismailia,2025-04-16,17.15,6.29,11.72,18.84,15.54,25.23,9.69,6.1,57.55,0.0,100.74,5.28,7.09,2.83
Ismailia,2025-04-17,20.28,8.48,14.38,21.68,17.78,30.16,12.38,7.31,59.29,0.0,100.45,5.4,7.66,2.99
Ismailia,2025-04-18,20.82,11.59,16.2,22.23,16.13,29.94,13.81,8.77,63.33,0.0,100.18,5.31,7.51,2.96
Ismailia,2025-04-19,21.43,8.25,14.84,23.12,18.35,31.35,13.0,7.26,53.27,0.0,100.12,3.98,5.52,2.44
Ismailia,2025-04-20,21.91,8.36,15.13,23.95,18.84,32.3,13.46,7.21,53.14,0.0,100.04,3.92,6.56,2.48
Ismailia,2025-04-21,24.63,5.65,15.14,26.7,19.4,34.25,14.85,5.99,38.36,0.0,99.88,2.2,5.23,0.38
Ismailia,2025-04-22,30.51,1.7,16.11,30.51,15.45,39.31,23.86,4.34,17.0,0.0,99.78,5.05,7.23,2.0
Ismailia,2025-04-23,27.91,6.62,17.27,28.52,15.88,36.43,20.55,6.32,28.22,0.0,99.84,5.87,7.77,3.07
Ismailia,2025-04-24,20.77,12.02,16.4,21.92,8.12,24.4,16.28,8.84,58.96,0.0,100.0,3.08,5.72,0.75
Ismailia,2025-04-25,21.01,10.59,15.8,23.57,14.63,28.99,14.36,8.12,58.38,0.0,100.03,3.18,6.95,0.3
Ismailia,2025-04-26,20.81,9.96,15.39,23.68,12.18,27.62,15.44,7.82,55.98,0.0,100.07,3.62,7.07,0.81
Ismailia,2025-04-27,20.48,9.52,15.0,23.57,13.85,28.32,14.47,7.6,56.45,0.0,100.12,3.93,7.26,1.81
Ismailia,2025-04-28,20.01,10.06,15.03,22.78,14.84,28.32,13.48,7.83,60.02,0.0,100.14,3.55,6.73,1.35
Ismailia,2025-04-29,21.28,9.65,15.47,24.06,15.97,29.78,13.81,7.58,53.79,0.0,100.02,3.5,6.74,1.5
Ismailia,2025-04-30,24.67,7.77,16.22,25.65,19.03,36.35,17.32,6.81,40.81,0.0,99.53,8.14,11.79,3.58
Aswan,2025-04-01,30.27,1.3,15.78,31.12,20.8,41.67,20.87,4.39,18.7,0.0,97.62,6.96,8.82,4.87
Aswan,2025-04-02,26.48,-3.79,11.34,28.3,15.05,35.04,19.99,3.01,15.48,0.0,98.22,6.57,10.52,4.18
Aswan,2025-04-03,25.34,-4.82,10.26,27.32,18.77,34.86,16.09,2.69,14.84,0.0,98.24,6.37,8.73,4.57
Aswan,2025-04-04,24.78,-2.32,11.23,26.68,17.03,33.54,16.51,3.27,17.94,0.0,98.24,6.26,8.32,4.32
Aswan,2025-04-05,25.52,-1.04,12.24,27.86,19.66,35.19,15.53,3.61,19.7,0.0,98.22,3.44,4.29,2.7
Aswan,2025-04-06,27.79,-2.82,12.49,30.33,19.92,37.5,17.58,3.24,16.2,0.0,97.97,2.47,3.37,1.36
Aswan,2025-04-07,28.67,-6.52,11.08,30.71,19.48,38.65,19.17,2.3,10.29,0.0,98.14,2.42,3.69,0.88
Aswan,2025-04-08,31.55,-2.52,14.52,32.93,20.66,41.13,20.47,3.38,14.28,0.0,98.19,2.59,5.88,0.82
Aswan,2025-04-09,32.38,1.43,16.9,34.33,21.48,43.23,21.75,4.51,17.74,0.0,98.02,4.85,8.52,2.51
Aswan,2025-04-10,24.61,2.57,13.59,26.68,13.56,31.22,17.66,4.92,26.11,0.0,98.35,8.08,10.85,5.32
Aswan,2025-04-11,20.82,-1.82,9.5,23.0,15.61,28.85,13.24,3.43,24.13,0.0,98.37,6.86,9.23,4.61
Aswan,2025-04-12,21.5,0.82,11.16,23.69,15.46,29.29,13.83,4.12,27.49,0.0,98.44,5.89,9.06,3.57
Aswan,2025-04-13,23.45,-1.0,11.23,25.67,17.23,32.48,15.25,3.62,22.12,0.0,98.39,4.63,8.66,0.71
Aswan,2025-04-14,21.48,-3.56,8.96,23.78,15.15,29.44,14.29,3.15,21.37,0.0,98.71,5.55,8.12,3.76
Aswan,2025-04-15,21.93,-4.26,8.84,24.75,20.0,31.59,11.59,2.86,19.62,0.0,98.71,3.74,4.45,2.65
Aswan,2025-04-16,24.25,-2.78,10.74,26.73,20.56,34.39,13.83,3.28,19.67,0.0,98.46,3.47,4.41,2.52
Aswan,2025-04-17,26.43,-4.64,10.89,29.46,21.91,37.13,15.22,2.8,13.56,0.0,98.2,3.03,3.75,1.48
Aswan,2025-04-18,27.5,-4.35,11.57,30.33,20.4,37.96,17.56,2.78,13.23,0.0,98.01,3.52,5.34,2.12
Aswan,2025-04-19,27.56,-3.45,12.05,30.51,21.56,38.37,16.81,2.99,14.83,0.0,97.95,2.84,3.85,1.55
Aswan,2025-04-20,28.11,-4.72,11.7,30.6,21.44,38.95,17.51,2.68,12.47,0.0,97.96,3.98,5.08,3.08
Aswan,2025-04-21,30.4,-2.75,13.82,32.35,22.01,41.07,19.06,3.14,13.24,0.0,98.05,4.12,5.4,2.91
Aswan,2025-04-22,33.31,-3.86,14.72,34.91,20.86,43.98,23.12,2.84,10.1,0.0,98.15,4.03,5.27,3.02
Aswan,2025-04-23,34.61,-1.25,16.68,35.53,20.08,44.15,24.07,3.6,10.55,0.0,98.01,3.23,5.21,0.42
Aswan,2025-04-24,35.22,3.76,19.49,37.3,18.94,45.34,26.4,5.11,15.32,0.0,97.75,4.38,11.5,1.42
Aswan,2025-04-25,30.09,3.53,16.81,32.45,14.75,38.69,23.94,5.1,20.24,0.0,97.94,6.94,9.13,5.4
Aswan,2025-04-26,27.2,-0.07,13.56,29.65,16.39,35.51,19.12,3.87,18.33,0.0,98.06,5.87,8.01,3.99
Aswan,2025-04-27,26.21,0.39,13.3,28.62,16.43,34.29,17.86,4.01,20.03,0.0,98.11,4.29,5.16,2.98
Aswan,2025-04-28,27.92,-0.24,13.84,30.09,17.29,36.46,19.17,3.84,17.7,0.0,98.06,6.0,8.1,4.4
Aswan,2025-04-29,29.31,0.02,14.66,31.51,20.24,39.02,18.78,3.89,16.99,0.0,97.91,5.02,6.78,2.72
Aswan,2025-04-30,30.99,-0.58,15.2,34.0,19.93,40.89,20.96,3.73,14.86,0.0,97.79,3.77,7.88,1.57
Gulf of Suez,2025-04-01,22.26,7.26,14.76,21.5,12.16,28.73,16.57,6.67,40.6,0.0,98.15,4.48,6.4,1.95
Gulf of Suez,2025-04-02,19.5,6.19,12.85,20.12,11.77,25.15,13.38,6.11,44.46,0.0,98.84,2.93,4.04,2.01
Gulf of Suez,2025-04-03,19.39,8.78,14.09,20.27,11.02,25.09,14.07,7.26,54.18,0.0,98.94,4.56,6.71,3.59
Gulf of Suez,2025-04-04,18.33,9.7,14.02,19.76,10.03,23.6,13.57,7.77,61.75,0.0,98.83,3.93,5.29,2.76
Gulf of Suez,2025-04-05,20.02,8.11,14.07,21.04,13.16,26.88,13.72,6.95,50.89,0.0,98.69,1.97,4.35,0.47
Gulf of Suez,2025-04-06,23.22,6.49,14.86,22.23,12.44,30.18,17.74,6.37,37.69,0.0,98.37,5.78,7.46,3.97
Gulf of Suez,2025-04-07,22.0,8.94,15.47,21.62,14.21,29.61,15.4,7.51,50.3,0.0,98.78,2.7,3.74,1.43
Gulf of Suez,2025-04-08,25.94,5.03,15.49,23.59,15.07,33.96,18.89,5.71,28.69,0.0,98.49,4.77,9.29,0.19
Gulf of Suez,2025-04-09,20.83,10.72,15.77,21.35,9.83,25.69,15.86,8.28,54.82,0.01,98.75,5.33,8.05,2.45
Gulf of Suez,2025-04-10,16.88,7.81,12.35,18.98,8.03,21.0,12.97,6.79,57.9,0.05,99.13,7.23,8.6,5.46
Gulf of Suez,2025-04-11,15.54,6.17,10.86,17.79,11.0,21.0,10.0,6.02,56.34,0.01,98.96,5.57,7.74,3.68
Gulf of Suez,2025-04-12,17.06,6.5,11.78,18.78,10.18,22.0,11.82,6.22,53.08,0.0,98.9,2.72,3.7,1.35
Gulf of Suez,2025-04-13,17.26,7.95,12.6,18.71,9.46,22.45,12.99,6.8,56.29,0.21,98.88,4.61,8.02,1.6
Gulf of Suez,2025-04-14,16.86,7.49,12.18,18.72,9.53,21.94,12.41,6.62,57.46,0.14,99.35,4.96,5.92,3.47
Gulf of Suez,2025-04-15,17.3,7.33,12.32,19.1,11.56,23.12,11.56,6.55,55.43,0.0,99.38,3.89,4.69,3.03
Gulf of Suez,2025-04-16,18.1,5.04,11.58,19.25,14.45,25.32,10.87,5.69,47.81,0.0,99.27,5.86,8.38,3.16
Gulf of Suez,2025-04-17,20.33,7.78,14.05,21.1,15.81,28.63,12.82,6.94,53.42,0.0,99.0,6.16,8.04,4.68
Gulf of Suez,2025-04-18,21.21,11.0,16.11,21.81,13.44,28.77,15.33,8.49,58.51,0.0,98.75,6.86,8.21,5.56
Gulf of Suez,2025-04-19,21.5,9.52,15.51,21.96,14.57,29.26,14.69,7.82,53.78,0.0,98.71,5.97,6.84,5.19
Gulf of Suez,2025-04-20,21.9,7.34,14.62,22.32,14.71,29.29,14.58,6.66,43.81,0.0,98.67,4.86,5.6,3.24
Gulf of Suez,2025-04-21,24.74,7.7,16.22,24.56,16.49,33.02,16.53,6.83,39.4,0.0,98.58,1.72,3.18,0.23
Gulf of Suez,2025-04-22,29.7,4.5,17.1,26.86,14.06,37.48,23.42,5.47,22.33,0.0,98.55,2.95,6.35,0.11
Gulf of Suez,2025-04-23,28.84,7.73,18.28,27.05,15.67,37.38,21.71,6.91,29.42,0.0,98.52,5.27,6.6,3.55
Gulf of Suez,2025-04-24,22.05,11.61,16.83,22.46,7.86,26.0,18.14,8.77,53.2,0.0,98.62,5.02,6.59,3.52
Gulf of Suez,2025-04-25,21.11,10.29,15.7,22.45,10.44,26.2,15.76,8.07,53.59,0.0,98.67,3.91,6.21,2.63
Gulf of Suez,2025-04-26,20.87,10.51,15.69,22.6,9.48,25.43,15.95,8.23,55.49,0.0,98.7,4.06,5.83,2.75
Gulf of Suez,2025-04-27,21.01,10.26,15.64,22.7,10.32,26.4,16.08,8.02,53.34,0.0,98.72,4.45,6.34,2.94
Gulf of Suez,2025-04-28,20.76,10.11,15.43,22.22,11.95,26.63,14.68,8.01,55.73,0.0,98.75,4.41,6.25,2.4
Gulf of Suez,2025-04-29,21.87,10.43,16.15,23.15,13.05,28.48,15.43,8.11,52.57,0.0,98.63,3.83,5.12,2.81
Gulf of Suez,2025-04-30,24.27,9.46,16.87,23.79,14.27,32.35,18.08,7.72,43.15,0.0,98.22,6.83,9.98,2.45
Monufia,2025-04-01,22.7,4.93,13.82,23.21,13.83,29.69,15.86,5.53,32.47,0.0,100.26,3.65,7.23,0.52
Monufia,2025-04-02,21.05,3.97,12.51,22.36,17.06,29.99,12.93,5.1,37.27,0.0,100.94,4.25,5.78,2.93
Monufia,2025-04-03,20.67,7.48,14.07,22.5,15.83,29.58,13.75,6.52,49.67,0.0,101.15,3.38,6.76,1.18
Monufia,2025-04-04,19.14,8.61,13.88,21.08,14.78,27.28,12.5,7.0,56.87,0.0,101.03,3.09,5.16,1.18
Monufia,2025-04-05,21.01,6.52,13.77,22.68,19.16,30.4,11.24,6.11,47.15,0.0,100.76,2.45,3.3,0.6
Monufia,2025-04-06,22.62,6.9,14.76,23.74,16.35,32.04,15.69,6.3,40.08,0.0,100.48,4.24,6.98,1.46
Monufia,2025-04-07,22.67,7.22,14.94,24.57,17.82,31.07,13.25,6.67,47.71,0.02,100.91,2.42,5.32,0.29
Monufia,2025-04-08,25.56,4.01,14.78,26.07,19.57,36.57,17.0,5.42,32.88,0.02,100.55,5.35,10.15,1.6
Monufia,2025-04-09,21.03,11.5,16.26,22.92,14.25,29.45,15.2,8.56,61.04,0.37,101.02,5.31,7.66,3.15
Monufia,2025-04-10,17.31,6.5,11.91,19.35,12.82,24.3,11.48,6.02,52.45,0.31,101.42,5.35,8.07,2.6
Monufia,2025-04-11,16.39,6.19,11.29,18.04,13.22,23.43,10.21,5.87,54.84,0.06,101.17,4.72,8.65,1.92
Monufia,2025-04-12,18.13,6.59,12.36,20.2,15.49,26.22,10.73,6.09,53.41,0.01,101.04,3.36,4.87,1.86
Monufia,2025-04-13,16.74,7.36,12.05,17.95,10.2,21.92,11.72,6.35,56.59,0.82,101.13,4.04,7.76,1.07
Monufia,2025-04-14,19.14,5.93,12.54,21.12,13.93,26.61,12.68,5.85,47.55,0.01,101.56,4.55,5.68,2.52
Monufia,2025-04-15,19.54,5.91,12.72,21.7,17.99,29.13,11.14,5.83,48.67,0.0,101.55,3.09,5.85,1.11
Monufia,2025-04-16,19.22,5.61,12.41,20.91,19.03,29.2,10.17,5.72,49.44,0.0,101.56,4.88,7.11,2.58
Monufia,2025-04-17,21.48,6.57,14.03,22.97,20.41,32.44,12.03,6.32,50.52,0.0,101.31,5.16,7.29,2.94
Monufia,2025-04-18,22.54,7.79,15.17,24.06,19.47,33.38,13.91,6.9,50.9,0.0,101.03,4.87,6.49,2.61
Monufia,2025-04-19,23.35,5.52,14.43,25.27,22.87,35.21,12.34,6.11,46.04,0.0,100.93,3.6,5.82,2.33
Monufia,2025-04-20,23.57,8.51,16.04,25.68,20.77,34.67,13.9,7.17,49.19,0.0,100.85,3.7,6.5,2.52
Monufia,2025-04-21,26.89,6.99,16.94,28.63,21.72,37.61,15.89,6.44,37.25,0.0,100.59,2.24,3.89,0.09
Monufia,2025-04-22,30.68,3.48,17.08,31.05,17.88,40.64,22.76,5.03,19.8,0.0,100.54,3.64,6.14,0.62
Monufia,2025-04-23,25.98,10.11,18.05,26.98,14.51,34.1,19.59,7.84,38.97,0.0,100.66,5.36,7.82,2.74
Monufia,2025-04-24,20.48,12.48,16.48,21.35,8.62,24.56,15.94,9.06,62.58,0.0,100.84,3.29,6.45,1.11
Monufia,2025-04-25,21.89,10.46,16.17,23.83,16.25,30.3,14.05,7.95,55.15,0.0,100.85,3.68,5.85,0.84
Monufia,2025-04-26,22.41,9.07,15.74,24.68,13.99,29.98,15.99,7.27,48.28,0.0,100.87,3.35,6.31,0.38
Monufia,2025-04-27,22.42,9.35,15.88,25.23,16.21,31.15,14.94,7.36,49.36,0.0,100.91,3.71,6.68,2.15
Monufia,2025-04-28,21.67,8.88,15.28,24.14,17.1,31.08,13.98,7.16,51.06,0.0,100.96,3.68,7.18,1.58
Monufia,2025-04-29,23.26,9.43,16.34,25.76,17.7,32.29,14.59,7.4,47.96,0.0,100.76,3.36,6.67,1.4
Monufia,2025-04-30,22.7,10.18,16.44,24.27,16.31,32.06,15.75,7.82,49.32,0.0,100.38,6.15,9.8,1.93
Port Said,2025-04-01,19.89,15.2,17.55,19.24,1.82,20.77,18.95,10.82,74.84,0.0,100.62,3.91,8.02,0.62
Port Said,2025-04-02,19.36,13.91,16.64,19.37,2.83,20.84,18.01,9.81,70.78,0.0,101.32,4.69,6.26,1.9
Port Said,2025-04-03,18.55,13.58,16.07,19.23,0.97,18.83,17.86,9.58,72.83,0.0,101.54,3.83,6.17,1.81
Port Said,2025-04-04,17.41,13.66,15.54,19.5,0.65,17.81,17.16,9.64,78.52,0.0,101.41,3.9,5.1,3.05
Port Said,2025-04-05,18.11,12.5,15.31,19.7,1.82,19.09,17.27,8.97,69.89,0.0,101.24,3.81,7.35,0.33
Port Said,2025-04-06,19.61,14.97,17.29,19.59,1.72,20.84,19.12,10.58,74.83,0.0,100.89,5.47,7.55,2.54
Port Said,2025-04-07,18.66,15.13,16.89,19.04,0.7,19.05,18.35,10.61,79.83,0.0,101.38,4.34,6.71,2.09
Port Said,2025-04-08,20.44,16.09,18.27,19.0,5.2,24.03,18.83,11.37,77.27,0.0,100.98,5.01,6.98,0.99
Port Said,2025-04-09,18.42,15.34,16.88,19.44,1.71,19.07,17.36,10.8,82.23,0.04,101.36,6.64,8.43,5.74
Port Said,2025-04-10,16.6,12.01,14.31,19.48,1.2,17.29,16.09,8.63,74.17,0.09,101.71,8.24,9.2,7.37
Port Said,2025-04-11,16.78,11.38,14.08,19.32,1.88,17.76,15.88,8.29,70.35,0.65,101.44,6.79,8.46,5.12
Port Said,2025-04-12,17.14,11.73,14.44,19.22,1.15,17.76,16.61,8.48,70.38,0.33,101.43,5.51,6.97,3.47
Port Said,2025-04-13,17.25,10.89,14.07,19.1,1.04,17.57,16.53,8.05,66.34,2.62,101.44,4.27,6.07,1.65
Port Said,2025-04-14,16.9,12.41,14.66,19.18,1.22,17.46,16.24,8.83,74.78,0.52,101.9,5.79,8.16,4.58
Port Said,2025-04-15,17.68,12.12,14.91,19.02,0.69,17.95,17.26,8.66,69.83,0.06,101.96,4.38,7.53,2.53
Port Said,2025-04-16,18.02,12.03,15.02,19.27,1.46,18.82,17.36,8.62,67.95,0.0,102.02,5.19,7.35,3.67
Port Said,2025-04-17,19.14,16.1,17.62,19.35,0.64,19.52,18.88,11.27,82.5,0.0,101.73,6.66,7.31,5.89
Port Said,2025-04-18,19.11,16.97,18.04,19.46,0.61,19.4,18.79,11.93,87.27,0.0,101.42,6.43,7.23,5.3
Port Said,2025-04-19,19.07,15.97,17.52,19.86,0.69,19.35,18.66,11.23,82.26,0.0,101.34,4.48,5.54,3.66
Port Said,2025-04-20,18.98,15.98,17.48,20.04,0.58,19.25,18.67,11.22,82.62,0.0,101.26,3.95,5.76,1.98
Port Said,2025-04-21,18.71,15.26,16.99,19.86,2.09,20.05,17.96,10.73,80.2,0.0,101.11,3.92,6.87,1.1
Port Said,2025-04-22,21.06,16.82,18.94,20.01,2.31,22.25,19.94,11.93,77.27,0.0,100.92,4.5,6.9,2.04
Port Said,2025-04-23,21.12,17.06,19.09,20.13,2.74,22.45,19.71,12.1,78.15,0.0,100.96,6.71,8.65,3.83
Port Said,2025-04-24,19.11,16.69,17.9,20.1,0.98,19.59,18.61,11.76,85.75,0.0,101.15,4.4,6.01,2.51
Port Said,2025-04-25,18.93,15.68,17.3,20.25,0.74,19.42,18.68,11.0,81.28,0.0,101.24,4.43,5.18,3.35
Port Said,2025-04-26,18.8,14.97,16.89,20.38,0.83,19.25,18.42,10.51,78.32,0.0,101.29,3.55,4.24,2.85
Port Said,2025-04-27,18.58,15.17,16.88,20.51,0.85,18.99,18.14,10.63,80.41,0.0,101.37,4.03,5.38,2.6
Port Said,2025-04-28,18.06,14.6,16.33,20.52,0.7,18.43,17.73,10.25,80.09,0.0,101.37,3.0,4.66,0.91
Port Said,2025-04-29,18.98,14.23,16.61,20.67,1.27,19.71,18.44,10.02,73.82,0.0,101.24,3.0,6.82,0.69
Port Said,2025-04-30,20.2,16.95,18.57,20.69,3.56,22.67,19.11,12.03,81.64,0.0,100.75,7.96,11.78,2.78
Qalyubia,2025-04-01,22.7,4.93,13.82,23.21,13.83,29.69,15.86,5.53,32.47,0.0,100.26,3.65,7.23,0.52
Qalyubia,2025-04-02,21.05,3.97,12.51,22.36,17.06,29.99,12.93,5.1,37.27,0.0,100.94,4.25,5.78,2.93
Qalyubia,2025-04-03,20.67,7.48,14.07,22.5,15.83,29.58,13.75,6.52,49.67,0.0,101.15,3.38,6.76,1.18
Qalyubia,2025-04-04,19.14,8.61,13.88,21.08,14.78,27.28,12.5,7.0,56.87,0.0,101.03,3.09,5.16,1.18
Qalyubia,2025-04-05,21.01,6.52,13.77,22.68,19.16,30.4,11.24,6.11,47.15,0.0,100.76,2.45,3.3,0.6
Qalyubia,2025-04-06,22.62,6.9,14.76,23.74,16.35,32.04,15.69,6.3,40.08,0.0,100.48,4.24,6.98,1.46
Qalyubia,2025-04-07,22.67,7.22,14.94,24.57,17.82,31.07,13.25,6.67,47.71,0.02,100.91,2.42,5.32,0.29
Qalyubia,2025-04-08,25.56,4.01,14.78,26.07,19.57,36.57,17.0,5.42,32.88,0.02,100.55,5.35,10.15,1.6
Qalyubia,2025-04-09,21.03,11.5,16.26,22.92,14.25,29.45,15.2,8.56,61.04,0.37,101.02,5.31,7.66,3.15
Qalyubia,2025-04-10,17.31,6.5,11.91,19.35,12.82,24.3,11.48,6.02,52.45,0.31,101.42,5.35,8.07,2.6
Qalyubia,2025-04-11,16.39,6.19,11.29,18.04,13.22,23.43,10.21,5.87,54.84,0.06,101.17,4.72,8.65,1.92
Qalyubia,2025-04-12,18.13,6.59,12.36,20.2,15.49,26.22,10.73,6.09,53.41,0.01,101.04,3.36,4.87,1.86
Qalyubia,2025-04-13,16.74,7.36,12.05,17.95,10.2,21.92,11.72,6.35,56.59,0.82,101.13,4.04,7.76,1.07
Qalyubia,2025-04-14,19.14,5.93,12.54,21.12,13.93,26.61,12.68,5.85,47.55,0.01,101.56,4.55,5.68,2.52
Qalyubia,2025-04-15,19.54,5.91,12.72,21.7,17.99,29.13,11.14,5.83,48.67,0.0,101.55,3.09,5.85,1.11
Qalyubia,2025-04-16,19.22,5.61,12.41,20.91,19.03,29.2,10.17,5.72,49.44,0.0,101.56,4.88,7.11,2.58
Qalyubia,2025-04-17,21.48,6.57,14.03,22.97,20.41,32.44,12.03,6.32,50.52,0.0,101.31,5.16,7.29,2.94
Qalyubia,2025-04-18,22.54,7.79,15.17,24.06,19.47,33.38,13.91,6.9,50.9,0.0,101.03,4.87,6.49,2.61
Qalyubia,2025-04-19,23.35,5.52,14.43,25.27,22.87,35.21,12.34,6.11,46.04,0.0,100.93,3.6,5.82,2.33
Qalyubia,2025-04-20,23.57,8.51,16.04,25.68,20.77,34.67,13.9,7.17,49.19,0.0,100.85,3.7,6.5,2.52
Qalyubia,2025-04-21,26.89,6.99,16.94,28.63,21.72,37.61,15.89,6.44,37.25,0.0,100.59,2.24,3.89,0.09
Qalyubia,2025-04-22,30.68,3.48,17.08,31.05,17.88,40.64,22.76,5.03,19.8,0.0,100.54,3.64,6.14,0.62
Qalyubia,2025-04-23,25.98,10.11,18.05,26.98,14.51,34.1,19.59,7.84,38.97,0.0,100.66,5.36,7.82,2.74
Qalyubia,2025-04-24,20.48,12.48,16.48,21.35,8.62,24.56,15.94,9.06,62.58,0.0,100.84,3.29,6.45,1.11
Qalyubia,2025-04-25,21.89,10.46,16.17,23.83,16.25,30.3,14.05,7.95,55.15,0.0,100.85,3.68,5.85,0.84
Qalyubia,2025-04-26,22.41,9.07,15.74,24.68,13.99,29.98,15.99,7.27,48.28,0.0,100.87,3.35,6.31,0.38
Qalyubia,2025-04-27,22.42,9.35,15.88,25.23,16.21,31.15,14.94,7.36,49.36,0.0,100.91,3.71,6.68,2.15
Qalyubia,2025-04-28,21.67,8.88,15.28,24.14,17.1,31.08,13.98,7.16,51.06,0.0,100.96,3.68,7.18,1.58
Qalyubia,2025-04-29,23.26,9.43,16.34,25.76,17.7,32.29,14.59,7.4,47.96,0.0,100.76,3.36,6.67,1.4
Qalyubia,2025-04-30,22.7,10.18,16.44,24.27,16.31,32.06,15.75,7.82,49.32,0.0,100.38,6.15,9.8,1.93
cairo,2025-04-01,21.63,4.18,12.91,22.19,13.27,28.34,15.07,5.3,32.35,0.0,99.08,4.23,6.61,2.47
cairo,2025-04-02,19.68,3.57,11.63,20.94,16.69,28.26,11.57,4.96,37.86,0.0,99.77,3.74,4.99,2.59
cairo,2025-04-03,19.72,6.46,13.09,21.44,16.0,28.04,12.04,6.16,49.02,0.0,99.93,3.65,6.18,2.4
cairo,2025-04-04,18.37,7.45,12.91,20.15,13.86,25.8,11.94,6.54,54.44,0.0,99.81,3.18,4.77,1.4
cairo,2025-04-05,20.59,6.18,13.38,22.16,17.95,29.31,11.36,6.02,46.05,0.0,99.55,2.65,3.58,0.58
cairo,2025-04-06,22.38,5.07,13.73,23.21,14.78,31.05,16.27,5.62,35.02,0.0,99.29,4.89,7.35,2.79
cairo,2025-04-07,22.21,6.6,14.4,23.55,16.62,29.74,13.12,6.37,45.3,0.01,99.69,2.26,3.72,0.19
cairo,2025-04-08,26.23,1.84,14.03,26.34,17.81,36.74,18.93,4.51,24.5,0.0,99.35,6.2,11.43,3.78
cairo,2025-04-09,20.84,11.02,15.93,22.67,13.23,28.42,15.19,8.38,59.24,0.18,99.79,5.58,7.54,3.73
cairo,2025-04-10,16.9,6.25,11.58,19.09,11.67,23.14,11.47,6.0,52.95,0.38,100.17,5.6,7.42,3.2
cairo,2025-04-11,15.29,5.84,10.56,17.05,13.37,22.2,8.83,5.79,57.22,0.02,99.96,4.58,8.42,1.6
cairo,2025-04-12,16.99,5.7,11.35,18.91,14.57,24.52,9.95,5.81,53.56,0.0,99.83,3.03,4.54,1.28
cairo,2025-04-13,16.38,6.76,11.57,18.0,11.71,22.15,10.44,6.18,56.15,0.41,99.9,4.55,7.51,1.43
cairo,2025-04-14,18.13,5.33,11.73,20.05,13.83,25.47,11.64,5.66,48.56,0.01,100.33,4.44,5.86,2.61
cairo,2025-04-15,18.43,5.39,11.91,20.49,17.59,27.51,9.92,5.68,49.48,0.0,100.31,3.12,5.3,1.77
cairo,2025-04-16,18.6,3.03,10.81,20.09,18.22,28.02,9.8,4.84,42.36,0.0,100.27,5.7,7.15,3.41
cairo,2025-04-17,20.89,5.26,13.08,22.22,20.06,31.4,11.34,5.84,47.93,0.0,100.04,5.87,8.38,4.12
cairo,2025-04-18,22.18,6.93,14.56,23.59,19.09,32.61,13.52,6.53,48.09,0.0,99.79,5.58,7.32,3.75
cairo,2025-04-19,22.72,4.37,13.55,24.31,21.69,33.78,12.09,5.61,42.21,0.0,99.7,4.22,5.39,2.9
cairo,2025-04-20,23.45,6.06,14.75,25.26,19.41,33.54,14.13,6.08,40.5,0.0,99.63,4.43,5.42,3.33
cairo,2025-04-21,27.21,5.17,16.19,28.76,20.7,37.06,16.36,5.68,30.58,0.0,99.4,2.6,5.15,0.66
cairo,2025-04-22,30.76,1.16,15.96,31.17,16.73,39.85,23.12,4.21,15.88,0.0,99.41,3.81,7.17,1.21
cairo,2025-04-23,26.84,8.67,17.75,28.05,15.11,34.79,19.68,7.2,33.77,0.0,99.49,4.87,6.61,2.91
cairo,2025-04-24,20.41,11.31,15.86,21.46,7.98,24.08,16.1,8.47,57.81,0.0,99.63,3.52,6.14,1.69
cairo,2025-04-25,21.47,8.77,15.12,23.5,14.65,29.11,14.46,7.18,50.03,0.0,99.65,3.56,5.61,0.73
cairo,2025-04-26,21.87,8.37,15.12,24.25,13.87,28.75,14.88,7.0,47.24,0.0,99.65,3.68,6.09,1.64
cairo,2025-04-27,22.29,8.55,15.42,25.0,14.9,29.99,15.09,7.06,46.27,0.0,99.68,4.23,6.78,2.94
cairo,2025-04-28,21.63,7.74,14.68,23.97,16.32,30.07,13.75,6.7,47.06,0.0,99.73,4.31,6.63,2.22
cairo,2025-04-29,23.14,8.37,15.75,25.43,17.55,31.65,14.1,6.97,44.62,0.0,99.53,4.09,7.2,2.29
cairo,2025-04-30,23.2,8.02,15.61,24.51,15.79,31.49,15.7,6.88,41.49,0.0,99.17,6.97,9.94,1.96
North Sinai,2025-04-01,23.36,-1.23,11.07,23.18,17.22,33.19,15.97,3.84,23.11,0.0,97.2,5.55,9.04,3.16
North Sinai,2025-04-02,18.93,4.48,11.7,20.26,14.31,26.23,11.92,5.61,45.74,0.0,97.89,2.79,4.02,1.61
North Sinai,2025-04-03,18.31,5.61,11.96,20.02,14.11,26.33,12.22,6.01,50.19,0.0,98.02,3.62,6.38,1.94
North Sinai,2025-04-04,16.43,8.99,12.71,18.51,12.19,23.51,11.32,7.46,67.53,0.0,97.88,3.44,6.95,1.11
North Sinai,2025-04-05,17.86,4.32,11.1,19.24,16.95,25.95,9.0,5.55,49.45,0.0,97.79,2.72,4.72,0.41
North Sinai,2025-04-06,22.67,2.75,12.71,22.98,19.0,33.38,14.38,5.22,35.66,0.0,97.44,6.72,11.69,1.53
North Sinai,2025-04-07,20.56,9.04,14.8,22.58,17.1,31.35,14.25,7.68,57.79,0.0,97.89,2.69,6.23,0.28
North Sinai,2025-04-08,26.89,-0.16,13.36,26.64,20.89,37.6,16.71,3.97,21.88,0.0,97.62,5.85,11.12,2.25
North Sinai,2025-04-09,19.61,10.01,14.81,21.52,12.5,26.45,13.95,8.0,57.55,0.01,97.82,4.73,7.94,2.26
North Sinai,2025-04-10,15.19,7.28,11.23,17.5,10.54,20.26,9.72,6.57,62.2,0.18,98.16,5.68,7.56,2.85
North Sinai,2025-04-11,14.05,4.66,9.35,16.43,11.87,20.42,8.55,5.5,58.07,1.54,97.95,4.1,6.8,2.32
North Sinai,2025-04-12,14.58,6.75,10.66,16.97,13.51,21.61,8.1,6.32,65.06,0.19,97.94,3.52,5.04,2.15
North Sinai,2025-04-13,14.68,6.68,10.68,16.77,11.96,21.06,9.1,6.3,63.92,1.17,97.93,3.54,6.83,0.92
North Sinai,2025-04-14,14.41,6.79,10.6,16.39,10.3,20.3,10.0,6.31,63.68,1.55,98.37,4.17,6.61,2.48
North Sinai,2025-04-15,15.26,6.08,10.67,17.45,14.76,23.0,8.24,6.08,61.29,0.05,98.45,3.45,5.59,2.04
North Sinai,2025-04-16,16.05,4.86,10.46,17.73,16.04,24.64,8.6,5.72,57.5,0.0,98.45,4.27,6.61,1.81
North Sinai,2025-04-17,19.01,4.98,12.0,20.46,20.84,30.46,9.62,6.2,56.5,0.0,98.16,3.88,7.26,2.12
North Sinai,2025-04-18,20.56,8.13,14.34,22.26,19.92,32.4,12.48,7.54,59.27,0.0,97.87,3.53,8.3,1.4
North Sinai,2025-04-19,20.5,9.24,14.87,22.45,17.65,30.76,13.11,7.78,57.61,0.0,97.85,3.44,5.82,1.75
North Sinai,2025-04-20,20.04,6.54,13.29,21.68,18.09,30.34,12.25,6.58,53.33,0.0,97.78,3.25,6.59,1.11
North Sinai,2025-04-21,22.63,3.71,13.17,24.02,21.51,33.23,11.72,5.53,41.76,0.0,97.68,2.32,3.79,0.66
North Sinai,2025-04-22,29.3,0.81,15.06,28.93,16.73,38.4,21.67,4.16,17.53,0.0,97.63,6.29,10.57,2.53
North Sinai,2025-04-23,28.41,3.82,16.11,28.42,18.69,37.6,18.91,5.64,27.01,0.0,97.62,6.5,9.52,2.33
North Sinai,2025-04-24,20.88,12.4,16.64,22.97,12.63,28.08,15.45,9.33,62.57,0.0,97.69,3.05,7.47,0.23
North Sinai,2025-04-25,19.6,9.25,14.43,22.23,13.38,26.85,13.47,7.71,59.83,0.0,97.75,3.16,5.55,0.66
North Sinai,2025-04-26,18.79,9.44,14.12,21.69,12.16,25.57,13.41,7.74,61.63,0.0,97.8,3.48,5.9,0.32
North Sinai,2025-04-27,18.95,8.77,13.86,22.2,14.19,27.6,13.41,7.47,60.9,0.0,97.83,3.54,7.79,1.6
North Sinai,2025-04-28,18.73,9.59,14.16,21.85,13.35,26.79,13.44,7.8,63.33,0.0,97.83,3.08,6.55,0.55
North Sinai,2025-04-29,19.9,8.88,14.39,22.85,16.68,29.45,12.77,7.44,57.75,0.0,97.78,2.7,6.07,0.43
North Sinai,2025-04-30,24.92,6.17,15.54,25.79,22.73,37.77,15.04,6.38,39.75,0.0,97.3,8.17,12.56,2.45
Qena,2025-04-01,28.11,0.68,14.4,28.59,17.21,38.17,20.96,4.09,18.56,0.0,98.1,6.51,8.59,4.3
Qena,2025-04-02,23.88,-4.07,9.91,25.62,18.24,33.7,15.46,2.94,18.53,0.0,98.72,5.04,6.86,2.9
Qena,2025-04-03,24.21,-3.76,10.22,25.57,18.95,33.31,14.36,2.91,17.09,0.0,98.72,5.8,7.35,3.62
Qena,2025-04-04,23.86,-0.59,11.64,25.38,18.02,32.98,14.96,3.7,21.55,0.0,98.68,6.04,8.48,3.36
Qena,2025-04-05,25.63,-0.45,12.59,26.92,17.48,33.81,16.33,3.74,20.18,0.0,98.67,2.41,3.69,0.42
Qena,2025-04-06,27.56,-1.93,12.81,29.32,19.6,37.35,17.75,3.4,16.98,0.0,98.42,2.72,3.5,1.41
Qena,2025-04-07,28.65,-3.69,12.48,29.8,17.55,38.16,20.61,2.97,13.89,0.0,98.61,2.77,4.04,1.65
Qena,2025-04-08,31.03,-0.37,15.33,31.79,19.08,40.49,21.41,3.89,15.98,0.0,98.64,3.67,5.17,2.01
Qena,2025-04-09,29.87,-1.85,14.01,31.23,17.14,39.83,22.69,3.52,14.29,0.0,98.53,4.91,8.76,1.24
Qena,2025-04-10,22.85,2.11,12.48,24.86,13.3,29.7,16.4,4.74,28.92,0.0,98.82,7.2,9.36,4.08
Qena,2025-04-11,19.85,-0.26,9.8,21.82,15.33,27.92,12.59,3.88,29.8,0.0,98.83,6.79,10.33,3.8
Qena,2025-04-12,20.57,1.4,10.98,22.43,16.16,28.56,12.4,4.3,31.28,0.0,98.88,5.43,8.48,2.79
Qena,2025-04-13,22.31,0.71,11.51,23.72,14.43,30.12,15.69,4.07,26.01,0.0,98.81,4.98,8.83,0.23
Qena,2025-04-14,20.61,-2.97,8.82,22.9,14.26,28.13,13.87,3.34,25.36,0.0,99.2,5.2,6.4,3.89
Qena,2025-04-15,21.79,-4.64,8.57,24.16,18.63,31.17,12.54,2.83,19.68,0.0,99.19,3.71,4.87,3.06
Qena,2025-04-16,24.44,-0.88,11.78,27.17,19.19,33.86,14.67,3.62,21.01,0.0,98.94,3.19,4.99,0.32
Qena,2025-04-17,26.58,-5.71,10.43,29.07,19.51,36.21,16.7,2.5,12.25,0.0,98.66,2.84,4.27,0.37
Qena,2025-04-18,28.48,-5.48,11.5,30.22,17.45,37.88,20.43,2.52,11.14,0.0,98.43,2.84,4.76,0.57
Qena,2025-04-19,28.31,-2.1,13.1,30.45,19.41,38.27,18.86,3.35,15.88,0.0,98.38,2.46,3.02,0.14
Qena,2025-04-20,29.46,-3.81,12.83,30.96,18.3,39.04,20.74,2.92,12.61,0.0,98.38,3.1,4.3,0.62
Qena,2025-04-21,31.18,-2.1,14.54,32.55,20.07,40.31,20.24,3.28,12.43,0.0,98.52,2.4,3.31,0.48
Qena,2025-04-22,34.68,-2.49,16.09,34.95,16.96,42.96,26.0,3.15,9.84,0.0,98.65,1.95,2.7,0.91
Qena,2025-04-23,34.98,-4.76,15.11,35.86,19.99,44.72,24.73,2.59,8.1,0.0,98.5,2.18,3.16,0.74
Qena,2025-04-24,34.05,0.87,17.46,35.08,17.09,43.87,26.78,4.23,13.2,0.0,98.27,4.94,10.68,0.63
Qena,2025-04-25,28.74,2.74,15.74,31.27,14.25,36.46,22.21,4.87,21.34,0.0,98.44,6.07,7.8,4.4
Qena,2025-04-26,26.03,1.25,13.64,28.42,16.41,34.17,17.76,4.24,21.26,0.0,98.51,5.22,6.94,3.19
Qena,2025-04-27,26.87,0.93,13.9,29.25,15.86,34.63,18.77,4.15,19.91,0.0,98.53,4.47,5.96,2.99
Qena,2025-04-28,27.54,1.25,14.4,29.5,17.06,36.08,19.02,4.24,20.0,0.0,98.52,6.05,9.34,3.77
Qena,2025-04-29,29.31,1.15,15.23,31.18,19.48,38.77,19.29,4.21,18.33,0.0,98.37,4.65,6.79,3.17
Qena,2025-04-30,31.59,1.57,16.58,33.59,17.9,40.86,22.96,4.36,16.69,0.0,98.23,5.03,8.19,2.24
Damietta,2025-04-01,20.87,12.55,16.71,21.21,6.51,24.39,17.88,9.35,61.5,0.0,100.62,3.69,8.81,0.87
Damietta,2025-04-02,19.79,11.92,15.85,20.98,7.62,24.09,16.47,8.75,62.9,0.0,101.29,5.57,7.48,3.8
Damietta,2025-04-03,19.09,12.52,15.81,21.17,4.71,21.81,17.1,8.97,66.4,0.0,101.53,4.07,7.08,1.89
Damietta,2025-04-04,17.75,12.48,15.12,20.85,3.23,19.68,16.45,8.95,71.75,0.0,101.41,3.99,5.64,2.69
Damietta,2025-04-05,18.9,11.09,14.99,21.92,5.93,22.04,16.11,8.22,62.03,0.0,101.21,3.45,7.15,1.2
Damietta,2025-04-06,19.99,13.97,16.98,21.67,4.71,22.93,18.22,9.97,69.25,0.0,100.91,5.12,6.95,0.92
Damietta,2025-04-07,19.59,13.56,16.58,21.86,4.82,22.28,17.46,9.67,69.49,0.0,101.37,4.28,7.15,1.9
Damietta,2025-04-08,21.61,14.35,17.98,21.76,10.02,28.51,18.49,10.46,68.36,0.04,100.97,5.6,6.96,3.02
Damietta,2025-04-09,18.86,13.91,16.38,21.2,3.75,20.56,16.81,9.88,73.64,0.16,101.4,6.85,8.18,6.1
Damietta,2025-04-10,16.54,10.01,13.27,19.93,2.98,18.09,15.11,7.6,65.83,0.1,101.73,8.16,9.77,6.67
Damietta,2025-04-11,16.78,9.71,13.24,19.65,3.91,18.81,14.9,7.47,63.6,0.14,101.45,6.82,9.11,4.61
Damietta,2025-04-12,17.38,10.29,13.84,20.11,3.25,19.25,16.0,7.74,63.56,0.06,101.42,5.4,6.64,3.26
Damietta,2025-04-13,17.33,10.18,13.75,19.52,2.41,18.66,16.25,7.69,63.15,1.42,101.45,4.86,7.56,1.7
Damietta,2025-04-14,17.36,11.03,14.19,20.37,3.9,19.36,15.46,8.12,67.36,0.06,101.92,6.2,7.9,5.19
Damietta,2025-04-15,18.33,10.72,14.53,20.96,4.36,20.73,16.37,7.94,62.0,0.03,101.95,4.49,6.66,2.55
Damietta,2025-04-16,18.36,10.72,14.54,20.68,4.59,20.56,15.97,7.93,61.67,0.0,102.02,5.02,6.45,3.4
Damietta,2025-04-17,19.6,14.14,16.87,21.19,4.86,22.23,17.37,10.03,72.17,0.0,101.76,6.28,7.61,5.08
Damietta,2025-04-18,19.88,14.84,17.36,21.48,4.45,22.29,17.84,10.54,74.58,0.0,101.46,5.93,7.18,4.33
Damietta,2025-04-19,20.11,13.49,16.8,22.26,5.68,23.27,17.59,9.78,68.93,0.0,101.35,4.31,5.95,3.49
Damietta,2025-04-20,20.01,14.48,17.24,22.53,5.26,23.3,18.04,10.27,71.96,0.0,101.26,4.09,6.35,1.91
Damietta,2025-04-21,20.09,13.97,17.03,22.54,6.25,23.51,17.26,9.94,69.2,0.0,101.07,4.22,7.55,1.14
Damietta,2025-04-22,22.66,14.89,18.77,23.36,6.76,26.59,19.83,10.81,64.48,0.0,100.91,4.01,7.01,1.79
Damietta,2025-04-23,21.55,15.91,18.73,21.72,4.35,23.81,19.46,11.32,71.37,0.0,100.97,6.89,9.86,3.25
Damietta,2025-04-24,19.31,15.6,17.46,20.39,2.51,20.51,18.0,10.99,79.39,0.0,101.15,4.56,6.13,2.35
Damietta,2025-04-25,19.55,14.58,17.07,22.11,5.55,22.59,17.04,10.28,74.02,0.0,101.23,4.71,5.44,3.93
Damietta,2025-04-26,19.51,13.68,16.59,22.56,3.23,21.45,18.22,9.71,69.66,0.0,101.28,3.82,5.12,2.7
Damietta,2025-04-27,19.31,13.76,16.54,22.65,3.6,21.48,17.88,9.75,70.95,0.0,101.37,3.98,5.62,2.88
Damietta,2025-04-28,18.84,13.51,16.17,22.66,3.64,21.05,17.41,9.58,71.73,0.0,101.37,3.23,5.44,0.91
Damietta,2025-04-29,19.89,13.26,16.58,23.26,4.63,22.34,17.71,9.44,66.32,0.0,101.22,3.28,6.75,1.06
Damietta,2025-04-30,20.76,15.34,18.05,22.6,6.6,25.0,18.4,10.9,71.97,0.0,100.77,7.6,11.47,1.42
Minya,2025-04-01,22.39,-0.37,11.01,23.13,14.17,29.44,15.27,3.8,22.27,0.0,99.38,4.49,6.94,2.23
Minya,2025-04-02,20.57,0.64,10.6,22.09,18.08,29.73,11.65,4.01,29.38,0.0,100.05,3.32,4.22,1.97
Minya,2025-04-03,21.07,1.55,11.31,22.27,17.28,30.07,12.79,4.31,30.31,0.0,100.12,4.57,6.01,3.68
Minya,2025-04-04,20.73,5.16,12.95,22.35,16.79,29.36,12.57,5.56,40.56,0.0,100.01,4.06,5.9,3.04
Minya,2025-04-05,23.21,1.4,12.31,24.12,18.96,32.32,13.36,4.26,27.41,0.0,99.74,2.67,3.61,1.02
Minya,2025-04-06,25.08,-1.11,11.99,25.96,17.43,34.61,17.18,3.55,19.14,0.0,99.55,4.43,6.53,2.99
Minya,2025-04-07,24.06,3.46,13.76,24.5,16.91,31.77,14.86,5.02,31.03,0.0,99.85,2.47,3.83,0.62
Minya,2025-04-08,28.6,-3.05,12.78,28.83,19.92,40.16,20.24,3.04,14.41,0.0,99.58,6.04,9.45,3.39
Minya,2025-04-09,23.06,8.58,15.82,24.48,14.47,30.61,16.14,7.05,43.2,0.0,99.99,6.06,8.58,4.13
Minya,2025-04-10,17.7,5.06,11.38,19.54,11.09,23.84,12.75,5.62,48.03,0.0,100.4,6.68,8.37,4.08
Minya,2025-04-11,17.55,4.15,10.85,19.2,15.55,25.1,9.55,5.13,44.82,0.0,100.24,5.51,8.56,2.61
Minya,2025-04-12,19.31,4.09,11.7,21.03,16.02,27.34,11.32,5.12,39.99,0.0,100.09,3.24,5.22,1.22
Minya,2025-04-13,19.02,4.25,11.64,20.57,14.7,26.31,11.61,5.17,40.07,0.0,100.12,5.5,8.56,2.9
Minya,2025-04-14,17.93,3.18,10.55,19.94,16.2,25.94,9.74,4.94,44.24,0.0,100.61,3.97,5.26,2.72
Minya,2025-04-15,19.57,0.92,10.24,21.36,18.02,28.35,10.33,4.14,33.89,0.0,100.54,4.13,5.52,2.69
Minya,2025-04-16,21.57,-3.34,9.12,23.14,17.74,30.3,12.56,3.21,24.69,0.0,100.32,4.91,6.19,3.17
Minya,2025-04-17,22.18,1.49,11.84,23.64,22.03,33.51,11.48,4.43,32.91,0.0,100.09,5.74,7.26,4.79
Minya,2025-04-18,23.16,3.27,13.22,24.54,19.61,33.22,13.61,4.98,32.66,0.0,99.9,6.16,7.89,4.89
Minya,2025-04-19,24.05,1.41,12.73,25.36,20.86,34.62,13.76,4.35,27.92,0.0,99.83,5.86,7.23,4.71
Minya,2025-04-20,25.33,-0.26,12.53,26.67,19.16,35.34,16.18,3.79,21.76,0.0,99.8,5.33,6.8,3.37
Minya,2025-04-21,28.6,0.18,14.39,29.89,20.67,39.0,18.33,3.87,18.01,0.0,99.63,2.95,4.76,1.55
Minya,2025-04-22,30.41,-0.88,14.76,30.02,17.5,39.32,21.82,3.63,13.71,0.0,99.72,1.87,3.5,0.57
Minya,2025-04-23,31.51,3.33,17.42,32.5,18.01,40.94,22.93,4.89,18.22,0.0,99.71,3.84,6.25,0.87
Minya,2025-04-24,24.54,9.3,16.92,25.68,11.91,31.27,19.36,7.38,39.92,0.0,99.81,5.35,7.26,2.67
Minya,2025-04-25,23.2,5.61,14.4,25.35,15.48,31.02,15.54,5.83,36.43,0.0,99.85,3.91,4.79,2.66
Minya,2025-04-26,23.18,5.84,14.51,25.5,14.75,30.14,15.39,5.88,36.02,0.0,99.86,3.53,4.97,2.36
Minya,2025-04-27,24.22,5.18,14.7,26.38,15.38,31.97,16.59,5.56,31.76,0.0,99.84,3.8,5.11,2.71
Minya,2025-04-28,24.73,5.67,15.2,26.51,17.33,33.01,15.68,5.74,32.66,0.0,99.88,4.97,7.71,2.15
Minya,2025-04-29,27.13,3.86,15.5,29.52,18.7,36.23,17.53,5.09,26.0,0.0,99.59,3.02,4.94,0.56
Minya,2025-04-30,26.03,4.75,15.39,27.07,13.5,32.03,18.53,5.49,27.15,0.0,99.45,6.65,9.58,2.38
Beni Suef,2025-04-01,22.32,1.41,11.86,23.14,14.0,28.92,14.92,4.36,25.68,0.0,98.7,4.19,6.12,2.69
Beni Suef,2025-04-02,19.96,2.09,11.02,21.53,16.41,28.56,12.15,4.48,33.58,0.0,99.37,2.99,4.01,0.42
Beni Suef,2025-04-03,20.52,3.52,12.02,22.02,15.76,28.56,12.8,4.99,36.26,0.0,99.46,4.59,6.3,3.12
Beni Suef,2025-04-04,19.31,5.93,12.62,21.1,14.88,26.89,12.01,5.93,46.78,0.0,99.36,4.02,6.2,2.62
Beni Suef,2025-04-05,22.11,2.77,12.44,23.67,17.79,30.78,12.99,4.72,31.89,0.0,99.1,2.73,4.15,1.08
Beni Suef,2025-04-06,24.34,0.9,12.62,25.25,16.09,33.55,17.46,4.21,23.73,0.0,98.88,5.1,7.27,3.56
Beni Suef,2025-04-07,23.47,4.42,13.94,24.24,16.0,31.22,15.22,5.4,34.0,0.0,99.23,2.64,4.26,0.66
Beni Suef,2025-04-08,28.58,-1.56,13.51,28.75,18.27,38.98,20.71,3.46,16.29,0.0,98.93,7.1,11.85,3.79
Beni Suef,2025-04-09,21.8,9.46,15.63,23.5,13.46,28.94,15.48,7.56,49.99,0.0,99.32,5.98,8.06,4.14
Beni Suef,2025-04-10,17.23,5.85,11.54,19.49,10.26,22.92,12.66,5.92,51.29,0.0,99.71,6.58,7.21,5.01
Beni Suef,2025-04-11,15.9,4.66,10.28,17.89,14.81,23.31,8.5,5.35,50.81,0.0,99.55,5.07,8.59,2.08
Beni Suef,2025-04-12,17.58,4.57,11.08,19.42,14.96,25.26,10.3,5.36,47.13,0.0,99.41,3.15,5.69,0.42
Beni Suef,2025-04-13,18.08,4.64,11.36,19.6,11.88,24.46,12.58,5.35,42.79,0.0,99.43,5.09,8.3,0.91
Beni Suef,2025-04-14,17.3,4.42,10.86,19.43,16.32,25.15,8.83,5.35,49.43,0.0,99.91,4.21,6.43,2.17
Beni Suef,2025-04-15,18.92,3.22,11.07,20.95,17.28,27.17,9.89,4.86,40.06,0.0,99.85,3.8,5.32,2.82
Beni Suef,2025-04-16,20.24,-2.18,9.03,22.01,18.31,29.58,11.27,3.43,28.03,0.0,99.71,4.95,6.85,3.21
Beni Suef,2025-04-17,21.67,2.63,12.15,23.11,21.9,32.55,10.65,4.89,39.31,0.0,99.47,5.5,7.65,4.08
Beni Suef,2025-04-18,22.94,4.93,13.93,24.45,21.01,33.65,12.64,5.62,38.87,0.0,99.24,5.48,7.43,4.07
Beni Suef,2025-04-19,23.83,1.83,12.83,25.29,21.94,34.92,12.98,4.56,30.83,0.0,99.17,4.91,6.29,3.52
Beni Suef,2025-04-20,24.77,0.71,12.74,26.29,19.45,34.78,15.33,4.1,24.07,0.0,99.14,5.22,6.45,3.47
Beni Suef,2025-04-21,28.38,1.6,14.99,29.85,19.26,38.09,18.83,4.35,20.49,0.0,98.98,2.83,4.07,0.6
Beni Suef,2025-04-22,30.57,-0.87,14.85,31.26,16.72,40.14,23.42,3.61,13.62,0.0,99.06,3.13,4.87,1.13
Beni Suef,2025-04-23,30.3,4.98,17.64,31.8,16.48,39.58,23.1,5.66,22.34,0.0,99.07,4.7,6.63,2.73
Beni Suef,2025-04-24,22.93,9.3,16.11,24.29,10.34,28.54,18.2,7.42,43.47,0.0,99.17,4.95,6.88,2.8
Beni Suef,2025-04-25,22.46,5.97,14.22,24.74,14.99,29.91,14.92,5.99,39.25,0.0,99.19,4.0,4.96,2.42
Beni Suef,2025-04-26,22.43,6.91,14.67,24.81,13.73,29.09,15.36,6.36,40.77,0.0,99.2,4.01,5.39,2.48
Beni Suef,2025-04-27,23.42,6.93,15.17,25.92,14.16,30.6,16.44,6.33,37.71,0.0,99.19,4.39,5.98,3.11
Beni Suef,2025-04-28,23.18,5.83,14.51,25.22,15.81,30.94,15.13,5.88,36.77,0.0,99.25,4.96,7.46,2.28
Beni Suef,2025-04-29,25.51,5.72,15.62,27.79,18.73,34.23,15.5,5.87,33.12,0.0,99.0,3.91,5.75,2.51
Beni Suef,2025-04-30,25.4,5.68,15.54,26.58,15.41,32.53,17.12,5.93,31.71,0.0,98.76,7.62,9.56,2.81
Dakahlia,2025-04-01,23.03,5.09,14.06,24.05,13.37,29.39,16.02,5.62,33.62,0.0,100.56,3.58,6.29,0.84
Dakahlia,2025-04-02,21.15,6.29,13.72,23.05,16.38,29.95,13.57,6.1,44.84,0.0,101.25,4.54,6.22,2.35
Dakahlia,2025-04-03,20.82,9.03,14.93,23.28,13.51,28.86,15.35,7.22,52.33,0.0,101.46,3.3,8.11,0.34
Dakahlia,2025-04-04,18.68,10.03,14.36,21.5,12.46,25.7,13.24,7.64,61.48,0.0,101.35,3.51,6.42,1.62
Dakahlia,2025-04-05,20.64,7.88,14.26,23.44,16.8,29.26,12.46,6.69,50.23,0.0,101.12,2.36,5.15,0.3
Dakahlia,2025-04-06,22.25,8.49,15.37,24.14,16.12,31.55,15.43,7.12,46.69,0.0,100.8,4.72,6.94,2.15
Dakahlia,2025-04-07,22.01,9.97,15.99,24.99,15.5,30.56,15.06,7.89,55.45,0.01,101.27,3.1,7.43,0.23
Dakahlia,2025-04-08,24.98,7.31,16.14,25.86,19.87,36.05,16.18,6.95,44.53,0.04,100.89,5.58,10.92,2.46
Dakahlia,2025-04-09,20.65,11.95,16.3,23.18,11.49,27.26,15.77,8.8,62.07,0.31,101.33,5.72,7.74,3.96
Dakahlia,2025-04-10,16.91,6.88,11.89,19.46,10.69,22.91,12.22,6.16,54.12,0.14,101.7,6.18,8.86,3.91
Dakahlia,2025-04-11,16.76,6.18,11.47,19.12,11.75,23.41,11.66,5.85,52.35,0.1,101.43,5.16,9.1,2.43
Dakahlia,2025-04-12,17.8,7.57,12.69,20.45,13.24,24.81,11.57,6.44,55.09,0.05,101.36,3.99,6.46,2.15
Dakahlia,2025-04-13,17.52,7.65,12.59,19.17,8.6,22.12,13.52,6.47,53.99,1.18,101.42,3.91,7.19,0.3
Dakahlia,2025-04-14,18.47,7.33,12.9,21.21,10.51,24.19,13.68,6.4,52.23,0.02,101.86,5.09,5.99,3.63
Dakahlia,2025-04-15,19.25,7.11,13.18,22.29,14.25,27.4,13.15,6.31,50.86,0.02,101.88,3.82,6.6,2.36
Dakahlia,2025-04-16,18.58,7.92,13.25,20.97,14.23,26.05,11.82,6.64,55.83,0.0,101.93,4.84,6.91,2.69
Dakahlia,2025-04-17,20.88,9.54,15.21,22.91,15.41,29.28,13.87,7.63,57.91,0.0,101.66,5.36,7.57,3.21
Dakahlia,2025-04-18,21.61,10.83,16.22,23.63,14.71,29.74,15.03,8.34,59.69,0.0,101.37,5.19,6.98,2.92
Dakahlia,2025-04-19,22.48,7.93,15.2,25.08,18.74,32.59,13.85,7.15,52.37,0.0,101.27,3.81,5.99,2.49
Dakahlia,2025-04-20,22.75,10.48,16.62,25.7,18.26,33.21,14.95,8.16,56.57,0.0,101.17,3.6,7.11,1.46
Dakahlia,2025-04-21,24.09,9.98,17.04,27.17,18.61,34.45,15.84,7.82,49.5,0.0,100.97,2.85,6.24,0.76
Dakahlia,2025-04-22,28.39,6.4,17.39,29.42,17.72,39.07,21.35,6.32,29.55,0.0,100.84,4.18,6.62,1.29
Dakahlia,2025-04-23,25.01,10.92,17.96,25.8,12.83,32.4,19.57,8.28,43.79,0.0,100.93,6.06,8.73,2.96
Dakahlia,2025-04-24,20.27,13.37,16.82,21.26,7.7,23.79,16.09,9.57,66.79,0.0,101.13,3.49,6.07,1.21
Dakahlia,2025-04-25,21.31,11.85,16.58,24.39,16.1,29.82,13.72,8.69,61.55,0.0,101.15,3.99,6.79,2.13
Dakahlia,2025-04-26,21.48,10.74,16.11,24.87,12.38,28.46,16.08,8.08,55.28,0.0,101.2,3.56,6.55,1.12
Dakahlia,2025-04-27,21.17,10.52,15.84,24.82,13.76,29.07,15.31,7.97,56.27,0.0,101.27,3.79,7.03,2.25
Dakahlia,2025-04-28,20.79,10.76,15.78,24.3,13.39,28.85,15.46,8.07,58.06,0.0,101.28,3.2,6.92,0.55
Dakahlia,2025-04-29,22.24,10.57,16.41,25.84,14.58,30.4,15.82,7.95,52.41,0.0,101.13,3.07,5.99,0.31
Dakahlia,2025-04-30,22.84,11.67,17.26,24.85,16.57,33.05,16.48,8.69,55.54,0.0,100.68,6.76,11.44,2.84
Beheira,2025-04-01,20.81,6.2,13.5,21.19,11.17,27.26,16.09,6.18,41.85,0.0,99.88,4.95,8.97,1.48
Beheira,2025-04-02,19.99,4.29,12.14,20.94,14.76,27.98,13.22,5.28,40.42,0.0,100.51,5.14,7.42,2.51
Beheira,2025-04-03,18.97,8.6,13.78,20.47,13.54,26.97,13.43,7.03,57.14,0.0,100.76,3.62,7.26,1.13
Beheira,2025-04-04,17.69,9.02,13.36,19.47,12.92,25.25,12.33,7.27,63.47,0.0,100.64,3.02,5.54,1.29
Beheira,2025-04-05,19.83,7.04,13.43,21.35,18.23,29.17,10.94,6.35,51.7,0.0,100.31,2.72,3.76,0.69
Beheira,2025-04-06,19.72,9.47,14.59,21.27,15.72,28.49,12.77,7.44,55.94,0.0,100.14,3.98,6.62,1.66
Beheira,2025-04-07,20.92,6.21,13.56,22.69,17.84,29.34,11.5,6.23,48.76,0.01,100.47,2.27,4.01,0.49
Beheira,2025-04-08,22.39,4.82,13.6,22.91,17.11,32.54,15.43,5.84,40.93,0.08,100.15,5.13,7.5,3.29
Beheira,2025-04-09,18.59,12.05,15.32,20.28,11.74,25.84,14.1,8.82,69.88,0.46,100.72,5.59,8.05,3.04
Beheira,2025-04-10,16.16,6.69,11.43,18.13,10.0,21.28,11.28,6.08,55.28,0.1,101.06,5.72,7.85,2.45
Beheira,2025-04-11,14.88,7.46,11.17,16.07,11.13,20.89,9.76,6.42,64.15,0.07,100.79,5.26,9.18,2.43
Beheira,2025-04-12,16.93,7.26,12.1,18.77,14.35,24.5,10.15,6.42,59.74,0.01,100.63,3.59,5.11,2.43
Beheira,2025-04-13,16.19,8.5,12.34,17.0,11.07,22.37,11.3,6.91,63.46,0.7,100.76,5.01,9.86,0.62
Beheira,2025-04-14,17.45,6.64,12.04,19.24,13.88,24.8,10.92,6.15,55.28,0.0,101.21,4.45,6.41,2.93
Beheira,2025-04-15,18.31,7.41,12.86,20.0,16.12,27.0,10.88,6.43,55.5,0.0,101.16,3.38,6.32,1.15
Beheira,2025-04-16,19.09,5.26,12.17,20.63,19.52,29.14,9.62,5.64,49.22,0.0,101.13,4.57,6.46,2.71
Beheira,2025-04-17,20.52,6.42,13.47,21.95,20.12,31.18,11.06,6.31,52.33,0.0,100.95,5.11,7.66,2.88
Beheira,2025-04-18,21.39,7.67,14.53,22.86,19.15,31.91,12.76,6.83,52.86,0.0,100.69,4.77,7.56,2.58
Beheira,2025-04-19,21.69,6.85,14.27,23.48,20.33,32.87,12.54,6.59,52.1,0.0,100.58,3.59,6.74,1.98
Beheira,2025-04-20,21.93,9.78,15.85,23.97,18.34,31.95,13.61,7.81,55.84,0.0,100.46,3.45,5.59,1.83
Beheira,2025-04-21,25.89,5.77,15.83,27.15,21.5,36.52,15.02,6.04,36.96,0.0,100.12,3.52,5.02,2.33
Beheira,2025-04-22,28.46,6.44,17.45,29.53,19.09,38.65,19.56,6.42,31.27,0.0,100.13,3.57,6.05,2.06
Beheira,2025-04-23,23.51,12.05,17.78,24.76,11.38,29.5,18.12,8.98,51.93,0.0,100.31,6.39,8.18,2.71
Beheira,2025-04-24,19.52,13.24,16.38,20.39,9.53,24.65,15.12,9.55,70.16,0.0,100.44,3.94,7.27,1.59
Beheira,2025-04-25,19.95,11.62,15.79,21.8,14.5,27.36,12.86,8.63,64.84,0.0,100.47,4.0,6.24,0.88
Beheira,2025-04-26,20.7,10.16,15.43,22.68,12.89,27.74,14.85,7.85,56.68,0.0,100.48,3.07,5.24,0.42
Beheira,2025-04-27,20.72,9.58,15.15,23.44,14.73,28.57,13.84,7.48,53.94,0.0,100.53,3.48,6.04,1.34
Beheira,2025-04-28,20.01,9.43,14.72,22.46,15.07,28.29,13.22,7.44,56.75,0.0,100.58,3.62,6.87,1.52
Beheira,2025-04-29,22.0,9.74,15.87,24.38,16.23,30.04,13.81,7.59,52.17,0.0,100.31,3.43,7.21,1.73
Beheira,2025-04-30,19.68,11.57,15.63,21.25,11.62,26.27,14.65,8.53,60.94,0.05,100.06,6.26,10.42,1.7
Giza,2025-04-01,21.63,4.18,12.91,22.19,13.27,28.34,15.07,5.3,32.35,0.0,99.08,4.23,6.61,2.47
Giza,2025-04-02,19.68,3.57,11.63,20.94,16.69,28.26,11.57,4.96,37.86,0.0,99.77,3.74,4.99,2.59
Giza,2025-04-03,19.72,6.46,13.09,21.44,16.0,28.04,12.04,6.16,49.02,0.0,99.93,3.65,6.18,2.4
Giza,2025-04-04,18.37,7.45,12.91,20.15,13.86,25.8,11.94,6.54,54.44,0.0,99.81,3.18,4.77,1.4
Giza,2025-04-05,20.59,6.18,13.38,22.16,17.95,29.31,11.36,6.02,46.05,0.0,99.55,2.65,3.58,0.58
Giza,2025-04-06,22.38,5.07,13.73,23.21,14.78,31.05,16.27,5.62,35.02,0.0,99.29,4.89,7.35,2.79
Giza,2025-04-07,22.21,6.6,14.4,23.55,16.62,29.74,13.12,6.37,45.3,0.01,99.69,2.26,3.72,0.19
Giza,2025-04-08,26.23,1.84,14.03,26.34,17.81,36.74,18.93,4.51,24.5,0.0,99.35,6.2,11.43,3.78
Giza,2025-04-09,20.84,11.02,15.93,22.67,13.23,28.42,15.19,8.38,59.24,0.18,99.79,5.58,7.54,3.73
Giza,2025-04-10,16.9,6.25,11.58,19.09,11.67,23.14,11.47,6.0,52.95,0.38,100.17,5.6,7.42,3.2
Giza,2025-04-11,15.29,5.84,10.56,17.05,13.37,22.2,8.83,5.79,57.22,0.02,99.96,4.58,8.42,1.6
Giza,2025-04-12,16.99,5.7,11.35,18.91,14.57,24.52,9.95,5.81,53.56,0.0,99.83,3.03,4.54,1.28
Giza,2025-04-13,16.38,6.76,11.57,18.0,11.71,22.15,10.44,6.18,56.15,0.41,99.9,4.55,7.51,1.43
Giza,2025-04-14,18.13,5.33,11.73,20.05,13.83,25.47,11.64,5.66,48.56,0.01,100.33,4.44,5.86,2.61
Giza,2025-04-15,18.43,5.39,11.91,20.49,17.59,27.51,9.92,5.68,49.48,0.0,100.31,3.12,5.3,1.77
Giza,2025-04-16,18.6,3.03,10.81,20.09,18.22,28.02,9.8,4.84,42.36,0.0,100.27,5.7,7.15,3.41
Giza,2025-04-17,20.89,5.26,13.08,22.22,20.06,31.4,11.34,5.84,47.93,0.0,100.04,5.87,8.38,4.12
Giza,2025-04-18,22.18,6.93,14.56,23.59,19.09,32.61,13.52,6.53,48.09,0.0,99.79,5.58,7.32,3.75
Giza,2025-04-19,22.72,4.37,13.55,24.31,21.69,33.78,12.09,5.61,42.21,0.0,99.7,4.22,5.39,2.9
Giza,2025-04-20,23.45,6.06,14.75,25.26,19.41,33.54,14.13,6.08,40.5,0.0,99.63,4.43,5.42,3.33
Giza,2025-04-21,27.21,5.17,16.19,28.76,20.7,37.06,16.36,5.68,30.58,0.0,99.4,2.6,5.15,0.66
Giza,2025-04-22,30.76,1.16,15.96,31.17,16.73,39.85,23.12,4.21,15.88,0.0,99.41,3.81,7.17,1.21
Giza,2025-04-23,26.84,8.67,17.75,28.05,15.11,34.79,19.68,7.2,33.77,0.0,99.49,4.87,6.61,2.91
Giza,2025-04-24,20.41,11.31,15.86,21.46,7.98,24.08,16.1,8.47,57.81,0.0,99.63,3.52,6.14,1.69
Giza,2025-04-25,21.47,8.77,15.12,23.5,14.65,29.11,14.46,7.18,50.03,0.0,99.65,3.56,5.61,0.73
Giza,2025-04-26,21.87,8.37,15.12,24.25,13.87,28.75,14.88,7.0,47.24,0.0,99.65,3.68,6.09,1.64
Giza,2025-04-27,22.29,8.55,15.42,25.0,14.9,29.99,15.09,7.06,46.27,0.0,99.68,4.23,6.78,2.94
Giza,2025-04-28,21.63,7.74,14.68,23.97,16.32,30.07,13.75,6.7,47.06,0.0,99.73,4.31,6.63,2.22
Giza,2025-04-29,23.14,8.37,15.75,25.43,17.55,31.65,14.1,6.97,44.62,0.0,99.53,4.09,7.2,2.29
Giza,2025-04-30,23.2,8.02,15.61,24.51,15.79,31.49,15.7,6.88,41.49,0.0,99.17,6.97,9.94,1.96
Alex,2025-04-01,20.94,10.22,15.58,21.36,10.39,26.62,16.23,7.97,53.76,0.0,100.57,4.58,8.29,2.48
Alex,2025-04-02,19.73,7.65,13.69,20.7,11.35,26.05,14.7,6.63,49.78,0.0,101.2,5.72,8.16,2.8
Alex,2025-04-03,18.84,10.89,14.87,20.26,10.28,24.81,14.53,8.09,63.19,0.0,101.48,3.89,7.42,1.76
Alex,2025-04-04,17.82,10.71,14.26,19.72,9.72,23.66,13.94,8.01,67.18,0.0,101.36,3.14,5.4,1.73
Alex,2025-04-05,19.56,9.19,14.37,21.51,15.28,27.63,12.35,7.28,57.1,0.0,101.04,3.09,5.14,1.88
Alex,2025-04-06,19.45,11.81,15.63,21.17,11.44,25.79,14.35,8.62,64.41,0.0,100.88,4.11,5.81,2.79
Alex,2025-04-07,20.71,8.86,14.79,22.22,15.29,28.3,13.01,7.3,54.67,0.0,101.18,3.12,5.95,0.5
Alex,2025-04-08,21.24,9.41,15.33,22.02,14.75,29.91,15.16,7.77,55.25,0.16,100.88,4.79,6.16,2.86
Alex,2025-04-09,18.53,12.68,15.6,20.24,8.2,23.72,15.52,9.11,71.25,0.49,101.44,5.74,7.27,3.8
Alex,2025-04-10,16.3,8.17,12.23,18.58,6.84,20.0,13.16,6.69,59.65,0.1,101.77,6.21,8.15,3.39
Alex,2025-04-11,16.29,8.54,12.41,17.83,7.29,20.23,12.94,6.87,61.22,0.17,101.47,5.87,9.36,3.26
Alex,2025-04-12,17.51,8.79,13.15,19.32,9.81,23.07,13.26,7.03,59.79,0.02,101.35,3.64,5.32,2.24
Alex,2025-04-13,17.08,9.87,13.48,18.23,8.31,21.5,13.19,7.53,64.37,1.04,101.46,5.43,9.79,1.34
Alex,2025-04-14,17.79,8.84,13.32,19.77,9.8,23.01,13.21,7.03,58.82,0.0,101.93,5.08,6.71,3.75
Alex,2025-04-15,18.63,9.53,14.08,20.35,12.0,25.01,13.01,7.35,58.95,0.0,101.88,3.7,5.76,1.91
Alex,2025-04-16,19.16,8.2,13.68,20.87,16.3,27.65,11.35,6.82,56.1,0.0,101.88,4.61,7.39,2.99
Alex,2025-04-17,20.28,9.77,15.02,21.67,15.39,28.69,13.3,7.72,59.55,0.0,101.7,5.13,7.82,3.3
Alex,2025-04-18,20.89,10.57,15.73,22.24,14.0,28.95,14.95,8.11,59.52,0.0,101.43,4.55,6.66,2.58
Alex,2025-04-19,21.18,10.74,15.96,22.9,15.14,29.96,14.82,8.36,61.75,0.0,101.3,3.43,6.24,1.69
Alex,2025-04-20,21.09,12.18,16.63,23.06,13.24,28.69,15.45,8.96,63.66,0.0,101.18,3.49,6.17,0.97
Alex,2025-04-21,25.02,9.12,17.07,25.93,19.01,34.69,15.68,7.49,45.21,0.0,100.81,2.92,4.71,1.04
Alex,2025-04-22,27.11,10.38,18.74,27.74,16.11,35.93,19.82,8.34,42.43,0.0,100.8,3.16,5.44,1.16
Alex,2025-04-23,21.62,14.67,18.15,22.55,7.08,25.32,18.24,10.5,66.87,0.0,100.99,6.66,8.79,2.89
Alex,2025-04-24,19.23,14.5,16.87,20.12,6.82,22.75,15.93,10.26,75.67,0.0,101.12,4.33,7.57,2.34
Alex,2025-04-25,19.63,13.26,16.45,21.54,10.71,25.28,14.57,9.47,70.29,0.0,101.18,4.4,6.39,2.27
Alex,2025-04-26,20.18,11.79,15.99,22.25,9.85,25.54,15.69,8.66,62.49,0.0,101.2,3.34,5.45,1.59
Alex,2025-04-27,20.21,11.8,16.0,22.81,11.42,26.53,15.11,8.6,62.1,0.0,101.26,3.55,5.84,1.09
Alex,2025-04-28,19.59,11.66,15.62,22.08,10.6,25.71,15.11,8.54,63.86,0.0,101.31,3.53,6.56,0.87
Alex,2025-04-29,21.29,11.36,16.33,23.43,11.34,27.09,15.75,8.38,56.54,0.0,101.06,3.84,7.64,0.98
Alex,2025-04-30,19.58,13.09,16.33,21.26,8.94,24.65,15.71,9.37,67.02,0.08,100.8,6.9,10.38,2.85
Asyut,2025-04-01,23.43,0.31,11.87,24.06,12.74,29.65,16.91,3.98,22.49,0.0,98.79,4.79,6.75,2.71
Asyut,2025-04-02,20.91,-0.14,10.39,22.31,17.95,29.99,12.04,3.8,26.45,0.0,99.46,4.25,5.66,2.9
Asyut,2025-04-03,21.53,-0.16,10.68,22.44,16.74,30.28,13.54,3.79,25.33,0.0,99.51,5.24,7.32,3.82
Asyut,2025-04-04,21.57,3.15,12.36,22.9,17.62,30.51,12.89,4.82,32.27,0.0,99.41,4.54,7.34,2.89
Asyut,2025-04-05,24.26,0.62,12.44,25.02,19.34,33.46,14.12,4.03,24.18,0.0,99.21,2.61,3.72,0.36
Asyut,2025-04-06,26.08,-3.22,11.43,26.93,18.26,35.94,17.68,3.02,15.93,0.0,99.02,5.08,6.92,3.73
Asyut,2025-04-07,25.89,0.57,13.23,26.54,17.27,33.89,16.62,4.04,21.64,0.0,99.27,2.53,4.16,0.71
Asyut,2025-04-08,29.98,-3.3,13.34,30.2,20.11,41.05,20.94,3.0,12.95,0.0,99.09,5.59,8.64,3.28
Asyut,2025-04-09,24.85,4.97,14.91,26.02,14.41,32.44,18.03,5.68,29.47,0.0,99.32,6.27,8.02,3.23
Asyut,2025-04-10,19.01,4.64,11.83,20.78,10.6,24.74,14.14,5.57,43.49,0.0,99.72,7.92,9.01,5.26
Asyut,2025-04-11,18.28,3.12,10.7,19.87,14.54,25.28,10.74,4.8,39.44,0.0,99.61,6.5,9.31,3.84
Asyut,2025-04-12,19.78,3.56,11.67,21.2,15.82,27.34,11.52,4.96,36.96,0.0,99.54,3.76,6.44,1.73
Asyut,2025-04-13,20.29,2.61,11.45,21.59,14.02,27.17,13.15,4.63,32.77,0.0,99.5,5.41,8.87,2.33
Asyut,2025-04-14,18.63,1.4,10.01,20.62,15.34,26.38,11.04,4.38,36.9,0.0,99.98,4.66,5.78,3.32
Asyut,2025-04-15,20.31,-2.1,9.11,21.93,18.26,29.35,11.09,3.33,26.1,0.0,99.92,4.24,6.04,2.46
Asyut,2025-04-16,22.45,-3.67,9.39,24.2,18.61,32.08,13.47,3.08,20.63,0.0,99.66,3.85,6.14,1.76
Asyut,2025-04-17,22.47,-1.88,10.3,24.44,22.58,34.1,11.52,3.44,24.55,0.0,99.41,3.7,5.06,2.75
Asyut,2025-04-18,23.93,-0.25,11.84,25.5,20.69,34.3,13.61,3.82,22.56,0.0,99.21,5.09,7.12,3.55
Asyut,2025-04-19,25.16,0.58,12.87,26.75,22.03,36.51,14.48,4.1,24.62,0.0,99.15,5.09,6.77,4.08
Asyut,2025-04-20,26.11,-2.09,12.01,27.34,20.69,36.92,16.23,3.29,17.86,0.0,99.15,5.02,7.15,3.45
Asyut,2025-04-21,29.69,-0.63,14.53,30.89,19.43,39.73,20.3,3.65,15.42,0.0,99.11,2.31,3.28,0.27
Asyut,2025-04-22,31.91,-2.47,14.72,32.1,20.14,41.99,21.85,3.16,11.82,0.0,99.2,3.27,5.2,1.39
Asyut,2025-04-23,32.68,-0.58,16.05,33.34,18.58,42.35,23.77,3.73,12.72,0.0,99.14,3.48,6.07,0.65
Asyut,2025-04-24,26.92,8.32,17.62,28.09,11.84,33.23,21.39,6.94,32.51,0.0,99.14,6.28,8.4,3.26
Asyut,2025-04-25,24.26,5.06,14.66,26.27,14.9,31.83,16.93,5.61,32.16,0.0,99.24,4.63,6.45,2.39
Asyut,2025-04-26,23.87,4.09,13.98,25.95,15.49,31.14,15.65,5.17,29.34,0.0,99.25,4.59,6.69,2.85
Asyut,2025-04-27,24.75,3.51,14.13,26.63,15.99,32.71,16.72,4.95,26.9,0.0,99.24,4.12,6.5,2.39
Asyut,2025-04-28,25.32,4.09,14.71,26.87,17.76,33.87,16.11,5.14,27.58,0.0,99.27,5.2,9.38,2.05
Asyut,2025-04-29,28.39,2.58,15.49,30.68,19.74,37.83,18.09,4.63,21.27,0.0,99.0,2.38,3.34,0.09
Asyut,2025-04-30,27.89,3.65,15.77,28.97,14.31,35.53,21.22,5.08,22.85,0.0,98.92,6.46,9.61,2.91
Suez,2025-04-01,23.66,4.24,13.95,23.78,13.8,30.61,16.81,5.33,30.46,0.0,99.1,4.82,7.36,3.43
Suez,2025-04-02,20.22,3.94,12.08,21.36,14.23,27.38,13.15,5.14,37.37,0.0,99.81,2.82,4.22,1.81
Suez,2025-04-03,19.99,7.82,13.9,21.68,13.56,27.12,13.56,6.81,52.12,0.0,99.93,4.0,7.23,2.89
Suez,2025-04-04,18.38,9.26,13.82,20.4,12.23,24.93,12.7,7.43,61.17,0.0,99.82,3.53,5.33,1.49
Suez,2025-04-05,20.13,6.59,13.36,21.95,15.96,27.99,12.03,6.22,48.05,0.0,99.65,2.4,4.47,0.45
Suez,2025-04-06,23.99,5.4,14.69,24.07,14.84,32.5,17.66,5.88,35.44,0.0,99.31,6.04,8.08,3.32
Suez,2025-04-07,22.25,8.42,15.33,23.45,14.74,29.97,15.23,7.19,48.95,0.01,99.75,2.5,4.45,1.01
Suez,2025-04-08,27.24,2.12,14.68,26.19,18.03,37.43,19.4,4.56,22.61,0.0,99.42,5.54,10.44,1.74
Suez,2025-04-09,21.24,10.7,15.97,22.77,11.78,27.47,15.69,8.2,54.86,0.06,99.75,5.31,7.56,2.68
Suez,2025-04-10,17.1,6.74,11.92,19.42,10.16,22.47,12.31,6.23,53.65,0.24,100.14,6.31,7.41,4.49
Suez,2025-04-11,15.6,5.03,10.31,17.87,13.23,22.22,8.99,5.48,52.75,0.08,99.95,4.62,7.9,2.43
Suez,2025-04-12,17.13,6.06,11.59,19.29,12.51,23.43,10.92,5.93,52.5,0.01,99.87,2.79,4.12,1.63
Suez,2025-04-13,16.92,7.18,12.05,18.88,11.47,23.14,11.67,6.36,55.72,0.86,99.88,4.32,7.5,1.62
Suez,2025-04-14,17.13,6.57,11.85,19.21,10.61,23.1,12.49,6.14,53.77,0.21,100.34,4.58,5.48,3.06
Suez,2025-04-15,17.51,6.32,11.92,19.78,14.37,24.98,10.61,6.02,52.89,0.02,100.37,3.37,5.52,2.33
Suez,2025-04-16,17.82,4.71,11.26,19.44,16.64,26.31,9.67,5.49,50.0,0.0,100.31,5.3,7.0,2.87
Suez,2025-04-17,20.49,7.15,13.82,21.76,18.96,30.51,11.55,6.69,54.56,0.0,100.03,5.42,7.26,3.41
Suez,2025-04-18,21.54,10.63,16.08,22.69,16.53,30.88,14.35,8.24,58.83,0.0,99.75,5.75,8.41,3.37
Suez,2025-04-19,21.9,8.51,15.2,23.22,17.88,31.54,13.66,7.34,52.17,0.0,99.71,4.58,5.83,2.92
Suez,2025-04-20,22.49,6.46,14.47,23.92,17.83,31.74,13.91,6.24,42.68,0.0,99.64,4.22,5.47,2.92
Suez,2025-04-21,25.41,5.93,15.67,26.53,18.04,34.24,16.2,6.01,34.94,0.0,99.51,1.98,5.06,0.02
Suez,2025-04-22,31.14,2.25,16.69,30.23,14.34,39.2,24.86,4.56,17.24,0.0,99.45,4.17,7.98,1.03
Suez,2025-04-23,29.17,6.54,17.86,29.08,16.62,38.3,21.68,6.27,26.31,0.0,99.47,5.47,7.43,3.72
Suez,2025-04-24,21.8,11.13,16.46,22.81,7.83,25.32,17.49,8.33,51.75,0.0,99.62,4.08,6.25,2.33
Suez,2025-04-25,21.48,9.77,15.63,23.66,12.94,28.19,15.25,7.68,52.14,0.0,99.65,3.42,5.99,1.33
Suez,2025-04-26,21.25,9.64,15.44,23.79,11.89,27.32,15.43,7.69,53.23,0.0,99.68,3.86,6.44,2.05
Suez,2025-04-27,21.35,9.2,15.28,24.05,12.8,28.3,15.5,7.44,51.35,0.0,99.72,4.16,7.19,2.2
Suez,2025-04-28,20.78,9.44,15.11,23.08,14.35,28.26,13.91,7.56,55.16,0.0,99.74,4.0,5.93,1.94
Suez,2025-04-29,22.05,9.32,15.69,24.28,15.7,30.04,14.34,7.44,50.03,0.0,99.62,3.83,6.19,2.26
Suez,2025-04-30,25.11,7.95,16.53,25.64,17.15,35.28,18.13,6.86,38.35,0.0,99.17,7.85,11.0,4.41
